repositoryName1,repositoryName2,intersection,similarity
fordfrog/apgdiff,jboss-javassist/javassist,"[junit:junit, org.hamcrest:hamcrest-all]",1.0
openjdk/jdk,openjdk/loom,"[com.github.librepdf:openpdf, com.sun.hotspot.igv:Bytecodes, com.sun.hotspot.igv:ControlFlow, com.sun.hotspot.igv:Coordinator, com.sun.hotspot.igv:Data, com.sun.hotspot.igv:Difference, com.sun.hotspot.igv:Filter, com.sun.hotspot.igv:FilterWindow, com.sun.hotspot.igv:Graal, com.sun.hotspot.igv:Graph, com.sun.hotspot.igv:HierarchicalLayout, com.sun.hotspot.igv:Layout, com.sun.hotspot.igv:NetworkConnection, com.sun.hotspot.igv:SelectionCoordinator, com.sun.hotspot.igv:ServerCompiler, com.sun.hotspot.igv:Settings, com.sun.hotspot.igv:Util, com.sun.hotspot.igv:View, com.sun.hotspot.igv:branding, junit:junit, net.java.dev.swing-layout:swing-layout, org.apache.xmlgraphics:batik-dom, org.apache.xmlgraphics:batik-svggen, org.netbeans.api:org-netbeans-api-progress, org.netbeans.api:org-netbeans-api-progress-nb, org.netbeans.api:org-netbeans-api-visual, org.netbeans.api:org-netbeans-modules-nbjunit, org.netbeans.api:org-netbeans-modules-options-api, org.netbeans.api:org-netbeans-spi-quicksearch, org.netbeans.api:org-openide-actions, org.netbeans.api:org-openide-awt, org.netbeans.api:org-openide-dialogs, org.netbeans.api:org-openide-explorer, org.netbeans.api:org-openide-filesystems, org.netbeans.api:org-openide-loaders, org.netbeans.api:org-openide-nodes, org.netbeans.api:org-openide-util, org.netbeans.api:org-openide-util-lookup, org.netbeans.api:org-openide-util-ui, org.netbeans.api:org-openide-windows]",0.95
SAP/SapMachine,openjdk/panama-foreign,"[com.github.librepdf:openpdf, com.sun.hotspot.igv:Bytecodes, com.sun.hotspot.igv:ControlFlow, com.sun.hotspot.igv:Coordinator, com.sun.hotspot.igv:Data, com.sun.hotspot.igv:Difference, com.sun.hotspot.igv:Filter, com.sun.hotspot.igv:FilterWindow, com.sun.hotspot.igv:Graal, com.sun.hotspot.igv:Graph, com.sun.hotspot.igv:HierarchicalLayout, com.sun.hotspot.igv:Layout, com.sun.hotspot.igv:NetworkConnection, com.sun.hotspot.igv:SelectionCoordinator, com.sun.hotspot.igv:ServerCompiler, com.sun.hotspot.igv:Settings, com.sun.hotspot.igv:Util, com.sun.hotspot.igv:View, com.sun.hotspot.igv:branding, junit:junit, net.java.dev.swing-layout:swing-layout, org.apache.xmlgraphics:batik-dom, org.apache.xmlgraphics:batik-svggen, org.netbeans.api:org-netbeans-api-progress, org.netbeans.api:org-netbeans-api-progress-nb, org.netbeans.api:org-netbeans-api-visual, org.netbeans.api:org-netbeans-modules-nbjunit, org.netbeans.api:org-netbeans-modules-options-api, org.netbeans.api:org-netbeans-spi-quicksearch, org.netbeans.api:org-openide-actions, org.netbeans.api:org-openide-awt, org.netbeans.api:org-openide-dialogs, org.netbeans.api:org-openide-explorer, org.netbeans.api:org-openide-filesystems, org.netbeans.api:org-openide-loaders, org.netbeans.api:org-openide-nodes, org.netbeans.api:org-openide-util, org.netbeans.api:org-openide-util-lookup, org.netbeans.api:org-openide-util-ui, org.netbeans.api:org-openide-windows]",1.0
zeroturnaround/zt-exec,zeroturnaround/zt-process-killer,"[ch.qos.logback:logback-classic, commons-io:commons-io, junit:junit, org.apache.commons:commons-lang3, org.slf4j:slf4j-api]",0.71
Tencent/RapidView,luaj/luaj,"[junit:junit, org.luaj:luaj-jse]",1.0
mr-hashemi/mr-hashemi,oracle/graal,"[junit:junit, org.antlr:antlr4-runtime, org.graalvm.sdk:graal-sdk, org.graalvm.truffle:truffle-api, org.graalvm.truffle:truffle-dsl-processor, org.graalvm.truffle:truffle-tck]",0.75
jfree/jfreesvg,unitsofmeasurement/unit-api,"[org.junit.jupiter:junit-jupiter-api, org.junit.jupiter:junit-jupiter-engine]",1.0
eclipse-ee4j/jersey,javaee/jersey,"[com.esotericsoftware:kryo, com.fasterxml.jackson.core:jackson-annotations, com.fasterxml.jackson.core:jackson-core, com.fasterxml.jackson.core:jackson-databind, com.fasterxml.jackson.jaxrs:jackson-jaxrs-base, com.fasterxml.jackson.jaxrs:jackson-jaxrs-json-provider, com.fasterxml.jackson.module:jackson-module-jaxb-annotations, com.fasterxml:classmate, com.github.fge:json-patch, com.google.guava:guava, com.sun.xml.bind:jaxb-impl, com.uber.jaeger:jaeger-core, com.yammer.metrics:metrics-core, commons-codec:commons-codec, commons-io:commons-io, commons-lang:commons-lang, commons-logging:commons-logging, io.dropwizard.metrics:metrics-core, io.netty:netty-all, io.opentracing:opentracing-api, io.opentracing:opentracing-util, javax.enterprise:cdi-api, javax.servlet:javax.servlet-api, javax.servlet:servlet-api, javax:javaee-api, junit:junit, org.apache.cxf:cxf-rt-rs-client, org.apache.felix:org.apache.felix.eventadmin, org.apache.felix:org.apache.felix.framework, org.apache.felix:org.apache.felix.framework.security, org.apache.felix:org.apache.felix.http.bundle, org.apache.httpcomponents:httpclient, org.apache.httpcomponents:httpcore-osgi, org.apache.maven.plugin-testing:maven-plugin-testing-harness, org.apache.maven.plugin-tools:maven-plugin-annotations, org.apache.maven.plugins:maven-enforcer-plugin, org.apache.maven.shared:maven-dependency-tree, org.apache.maven:maven-artifact, org.apache.maven:maven-compat, org.apache.maven:maven-core, org.apache.maven:maven-model, org.apache.maven:maven-plugin-api, org.apache.maven:maven-project, org.aspectj:aspectjrt, org.aspectj:aspectjweaver, org.codehaus.gmavenplus:gmavenplus-plugin, org.codehaus.jackson:jackson-core-asl, org.codehaus.jackson:jackson-jaxrs, org.codehaus.jackson:jackson-mapper-asl, org.codehaus.jackson:jackson-xc, org.codehaus.jettison:jettison, org.codehaus.woodstox:woodstox-core-asl, org.eclipse.jetty:jetty-client, org.eclipse.jetty:jetty-continuation, org.eclipse.jetty:jetty-server, org.eclipse.jetty:jetty-servlet, org.eclipse.jetty:jetty-util, org.eclipse.jetty:jetty-webapp, org.eclipse.persistence:org.eclipse.persistence.moxy, org.eclipse:yasson, org.glassfish.grizzly:connection-pool, org.glassfish.grizzly:grizzly-http-client, org.glassfish.grizzly:grizzly-http-server, org.glassfish.grizzly:grizzly-http-servlet, org.glassfish.grizzly:grizzly-websockets, org.glassfish.hk2.external:aopalliance-repackaged, org.glassfish.hk2:hk2-api, org.glassfish.hk2:osgi-resource-locator, org.glassfish.jersey.bundles:jaxrs-ri, org.glassfish.jersey.connectors:jersey-apache-connector, org.glassfish.jersey.connectors:jersey-grizzly-connector, org.glassfish.jersey.connectors:jersey-jdk-connector, org.glassfish.jersey.connectors:jersey-jetty-connector, org.glassfish.jersey.connectors:jersey-netty-connector, org.glassfish.jersey.containers.glassfish:jersey-gf-ejb, org.glassfish.jersey.containers:jersey-container-grizzly2-http, org.glassfish.jersey.containers:jersey-container-grizzly2-servlet, org.glassfish.jersey.containers:jersey-container-jdk-http, org.glassfish.jersey.containers:jersey-container-jetty-http, org.glassfish.jersey.containers:jersey-container-jetty-servlet, org.glassfish.jersey.containers:jersey-container-netty-http, org.glassfish.jersey.containers:jersey-container-servlet, org.glassfish.jersey.containers:jersey-container-servlet-core, org.glassfish.jersey.containers:jersey-container-simple-http, org.glassfish.jersey.core:jersey-client, org.glassfish.jersey.core:jersey-common, org.glassfish.jersey.core:jersey-server, org.glassfish.jersey.examples.osgi-helloworld-webapp:additional-bundle, org.glassfish.jersey.examples.osgi-helloworld-webapp:alternate-version-bundle, org.glassfish.jersey.examples.osgi-helloworld-webapp:lib-bundle, org.glassfish.jersey.examples.osgi-http-service:bundle, org.glassfish.jersey.ext.cdi:jersey-cdi1x, org.glassfish.jersey.ext.cdi:jersey-cdi1x-ban-custom-hk2-binding, org.glassfish.jersey.ext.cdi:jersey-cdi1x-servlet, org.glassfish.jersey.ext.cdi:jersey-cdi1x-transaction, org.glassfish.jersey.ext.cdi:jersey-cdi1x-validation, org.glassfish.jersey.ext.cdi:jersey-weld2-se, org.glassfish.jersey.ext.rx:jersey-rx-client-guava, org.glassfish.jersey.ext.rx:jersey-rx-client-rxjava, org.glassfish.jersey.ext.rx:jersey-rx-client-rxjava2, org.glassfish.jersey.ext:jersey-bean-validation, org.glassfish.jersey.ext:jersey-declarative-linking, org.glassfish.jersey.ext:jersey-entity-filtering, org.glassfish.jersey.ext:jersey-metainf-services, org.glassfish.jersey.ext:jersey-mvc, org.glassfish.jersey.ext:jersey-mvc-bean-validation, org.glassfish.jersey.ext:jersey-mvc-freemarker, org.glassfish.jersey.ext:jersey-mvc-jsp, org.glassfish.jersey.ext:jersey-mvc-mustache, org.glassfish.jersey.ext:jersey-proxy-client, org.glassfish.jersey.ext:jersey-servlet-portability, org.glassfish.jersey.ext:jersey-spring4, org.glassfish.jersey.ext:jersey-wadl-doclet, org.glassfish.jersey.incubator:jersey-open-tracing, org.glassfish.jersey.inject:jersey-cdi2-se, org.glassfish.jersey.inject:jersey-hk2, org.glassfish.jersey.media:jersey-media-jaxb, org.glassfish.jersey.media:jersey-media-json-binding, org.glassfish.jersey.media:jersey-media-json-jackson, org.glassfish.jersey.media:jersey-media-json-jackson1, org.glassfish.jersey.media:jersey-media-json-jettison, org.glassfish.jersey.media:jersey-media-json-processing, org.glassfish.jersey.media:jersey-media-kryo, org.glassfish.jersey.media:jersey-media-moxy, org.glassfish.jersey.media:jersey-media-multipart, org.glassfish.jersey.media:jersey-media-sse, org.glassfish.jersey.security:oauth1-client, org.glassfish.jersey.security:oauth1-server, org.glassfish.jersey.security:oauth1-signature, org.glassfish.jersey.security:oauth2-client, org.glassfish.jersey.test-framework.providers:jersey-test-framework-provider-external, org.glassfish.jersey.test-framework.providers:jersey-test-framework-provider-grizzly2, org.glassfish.jersey.test-framework.providers:jersey-test-framework-provider-inmemory, org.glassfish.jersey.test-framework.providers:jersey-test-framework-provider-jdk-http, org.glassfish.jersey.test-framework.providers:jersey-test-framework-provider-jetty, org.glassfish.jersey.test-framework.providers:jersey-test-framework-provider-netty, org.glassfish.jersey.test-framework.providers:jersey-test-framework-provider-simple, org.glassfish.jersey.test-framework:jersey-test-framework-core, org.glassfish.jersey.test-framework:jersey-test-framework-util, org.glassfish.jersey.test-framework:memleak-test-common, org.glassfish.jersey.tests.integration:ejb-multimodule-lib, org.glassfish.jersey.tests.integration:ejb-multimodule-reload-lib, org.glassfish.jersey.tests.integration:j-59-ejb-lib, org.glassfish.main.common:container-common, org.glassfish.main.ejb:ejb-container, org.glassfish:javax.servlet, org.glassfish:jsonp-jaxrs, org.hamcrest:hamcrest-library, org.javassist:javassist, org.jboss.logging:jboss-logging, org.jboss.weld.se:weld-se-core, org.jboss.weld.servlet:weld-servlet, org.jboss:jboss-vfs, org.jmockit:jmockit, org.mortbay.jetty:jetty, org.mortbay.jetty:jetty-util, org.mortbay.jetty:servlet-api-2.5, org.netbeans.api:org-openide-util-lookup, org.netbeans.html:ko-ws-tyrus, org.netbeans.html:net.java.html.json, org.openjdk.jmh:jmh-core, org.openjdk.jmh:jmh-generator-annprocess, org.ops4j.pax.exam:pax-exam, org.ops4j.pax.exam:pax-exam-container-forked, org.ops4j.pax.exam:pax-exam-junit-extender-impl, org.ops4j.pax.exam:pax-exam-junit4, org.ops4j.pax.exam:pax-exam-link-mvn, org.ops4j.pax.logging:pax-logging-api, org.ops4j.pax.tinybundles:tinybundles, org.ops4j.pax.url:pax-url-aether, org.ops4j.pax.web:pax-web-extender-war, org.ops4j.pax.web:pax-web-jetty-bundle, org.osgi:org.osgi.compendium, org.osgi:org.osgi.core, org.reactivestreams:reactive-streams, org.simpleframework:simple-common, org.simpleframework:simple-http, org.simpleframework:simple-transport, org.skyscreamer:jsonassert, org.slf4j:slf4j-jdk14, org.slf4j:slf4j-log4j12, org.swinglabs:swing-layout, org.testng:testng, xerces:xercesImpl, xmlunit:xmlunit]",0.72
openjdk/amber,openjdk/jdk17,"[com.sun.hotspot.igv:Bytecodes, com.sun.hotspot.igv:ControlFlow, com.sun.hotspot.igv:Coordinator, com.sun.hotspot.igv:Data, com.sun.hotspot.igv:Difference, com.sun.hotspot.igv:Filter, com.sun.hotspot.igv:FilterWindow, com.sun.hotspot.igv:Graal, com.sun.hotspot.igv:Graph, com.sun.hotspot.igv:HierarchicalLayout, com.sun.hotspot.igv:Layout, com.sun.hotspot.igv:NetworkConnection, com.sun.hotspot.igv:SelectionCoordinator, com.sun.hotspot.igv:ServerCompiler, com.sun.hotspot.igv:Settings, com.sun.hotspot.igv:Util, com.sun.hotspot.igv:View, com.sun.hotspot.igv:branding, junit:junit, net.java.dev.swing-layout:swing-layout, org.netbeans.api:org-netbeans-api-progress, org.netbeans.api:org-netbeans-api-progress-nb, org.netbeans.api:org-netbeans-api-visual, org.netbeans.api:org-netbeans-modules-nbjunit, org.netbeans.api:org-netbeans-modules-options-api, org.netbeans.api:org-netbeans-spi-quicksearch, org.netbeans.api:org-openide-actions, org.netbeans.api:org-openide-awt, org.netbeans.api:org-openide-dialogs, org.netbeans.api:org-openide-explorer, org.netbeans.api:org-openide-filesystems, org.netbeans.api:org-openide-loaders, org.netbeans.api:org-openide-nodes, org.netbeans.api:org-openide-util, org.netbeans.api:org-openide-util-lookup, org.netbeans.api:org-openide-util-ui, org.netbeans.api:org-openide-windows]",0.9
amaembo/streamex,arteam/100-Java-Concurrency-questions,"[junit:junit, org.openjdk.jmh:jmh-core, org.openjdk.jmh:jmh-generator-annprocess]",0.75
openjdk/amber,openjdk/panama-foreign,"[com.github.librepdf:openpdf, com.sun.hotspot.igv:Bytecodes, com.sun.hotspot.igv:ControlFlow, com.sun.hotspot.igv:Coordinator, com.sun.hotspot.igv:Data, com.sun.hotspot.igv:Difference, com.sun.hotspot.igv:Filter, com.sun.hotspot.igv:FilterWindow, com.sun.hotspot.igv:Graal, com.sun.hotspot.igv:Graph, com.sun.hotspot.igv:HierarchicalLayout, com.sun.hotspot.igv:Layout, com.sun.hotspot.igv:NetworkConnection, com.sun.hotspot.igv:SelectionCoordinator, com.sun.hotspot.igv:ServerCompiler, com.sun.hotspot.igv:Settings, com.sun.hotspot.igv:Util, com.sun.hotspot.igv:View, com.sun.hotspot.igv:branding, junit:junit, net.java.dev.swing-layout:swing-layout, org.apache.xmlgraphics:batik-dom, org.apache.xmlgraphics:batik-svggen, org.netbeans.api:org-netbeans-api-progress, org.netbeans.api:org-netbeans-api-progress-nb, org.netbeans.api:org-netbeans-api-visual, org.netbeans.api:org-netbeans-modules-nbjunit, org.netbeans.api:org-netbeans-modules-options-api, org.netbeans.api:org-netbeans-spi-quicksearch, org.netbeans.api:org-openide-actions, org.netbeans.api:org-openide-awt, org.netbeans.api:org-openide-dialogs, org.netbeans.api:org-openide-explorer, org.netbeans.api:org-openide-filesystems, org.netbeans.api:org-openide-loaders, org.netbeans.api:org-openide-nodes, org.netbeans.api:org-openide-util, org.netbeans.api:org-openide-util-lookup, org.netbeans.api:org-openide-util-ui, org.netbeans.api:org-openide-windows]",1.0
AdoptOpenJDK/openjdk-jdk,openjdk/panama-foreign,"[com.sun.hotspot.igv:Bytecodes, com.sun.hotspot.igv:ControlFlow, com.sun.hotspot.igv:Coordinator, com.sun.hotspot.igv:Data, com.sun.hotspot.igv:Difference, com.sun.hotspot.igv:Filter, com.sun.hotspot.igv:FilterWindow, com.sun.hotspot.igv:Graal, com.sun.hotspot.igv:Graph, com.sun.hotspot.igv:HierarchicalLayout, com.sun.hotspot.igv:Layout, com.sun.hotspot.igv:NetworkConnection, com.sun.hotspot.igv:SelectionCoordinator, com.sun.hotspot.igv:ServerCompiler, com.sun.hotspot.igv:Settings, com.sun.hotspot.igv:Util, com.sun.hotspot.igv:View, com.sun.hotspot.igv:branding, junit:junit, net.java.dev.swing-layout:swing-layout, org.netbeans.api:org-netbeans-api-progress, org.netbeans.api:org-netbeans-api-progress-nb, org.netbeans.api:org-netbeans-api-visual, org.netbeans.api:org-netbeans-modules-nbjunit, org.netbeans.api:org-netbeans-modules-options-api, org.netbeans.api:org-netbeans-spi-quicksearch, org.netbeans.api:org-openide-actions, org.netbeans.api:org-openide-awt, org.netbeans.api:org-openide-dialogs, org.netbeans.api:org-openide-explorer, org.netbeans.api:org-openide-filesystems, org.netbeans.api:org-openide-loaders, org.netbeans.api:org-openide-nodes, org.netbeans.api:org-openide-util, org.netbeans.api:org-openide-util-lookup, org.netbeans.api:org-openide-util-ui, org.netbeans.api:org-openide-windows]",0.9
AdoptOpenJDK/openjdk-jdk,openjdk/jdk,"[com.sun.hotspot.igv:Bytecodes, com.sun.hotspot.igv:ControlFlow, com.sun.hotspot.igv:Coordinator, com.sun.hotspot.igv:Data, com.sun.hotspot.igv:Difference, com.sun.hotspot.igv:Filter, com.sun.hotspot.igv:FilterWindow, com.sun.hotspot.igv:Graal, com.sun.hotspot.igv:Graph, com.sun.hotspot.igv:HierarchicalLayout, com.sun.hotspot.igv:Layout, com.sun.hotspot.igv:NetworkConnection, com.sun.hotspot.igv:SelectionCoordinator, com.sun.hotspot.igv:ServerCompiler, com.sun.hotspot.igv:Settings, com.sun.hotspot.igv:Util, com.sun.hotspot.igv:View, com.sun.hotspot.igv:branding, junit:junit, net.java.dev.swing-layout:swing-layout, org.netbeans.api:org-netbeans-api-progress, org.netbeans.api:org-netbeans-api-progress-nb, org.netbeans.api:org-netbeans-api-visual, org.netbeans.api:org-netbeans-modules-nbjunit, org.netbeans.api:org-netbeans-modules-options-api, org.netbeans.api:org-netbeans-spi-quicksearch, org.netbeans.api:org-openide-actions, org.netbeans.api:org-openide-awt, org.netbeans.api:org-openide-dialogs, org.netbeans.api:org-openide-explorer, org.netbeans.api:org-openide-filesystems, org.netbeans.api:org-openide-loaders, org.netbeans.api:org-openide-nodes, org.netbeans.api:org-openide-util, org.netbeans.api:org-openide-util-lookup, org.netbeans.api:org-openide-util-ui, org.netbeans.api:org-openide-windows]",0.9
TooTallNate/Java-WebSocket,jalkanen/speed4j,"[junit:junit, org.slf4j:slf4j-api, org.slf4j:slf4j-simple]",0.75
arteam/100-Java-Concurrency-questions,f4b6a3/uuid-creator,"[junit:junit, org.openjdk.jmh:jmh-core, org.openjdk.jmh:jmh-generator-annprocess]",0.75
openjdk/loom,openjdk/mobile,"[com.github.librepdf:openpdf, com.sun.hotspot.igv:Bytecodes, com.sun.hotspot.igv:ControlFlow, com.sun.hotspot.igv:Coordinator, com.sun.hotspot.igv:Data, com.sun.hotspot.igv:Difference, com.sun.hotspot.igv:Filter, com.sun.hotspot.igv:FilterWindow, com.sun.hotspot.igv:Graal, com.sun.hotspot.igv:Graph, com.sun.hotspot.igv:HierarchicalLayout, com.sun.hotspot.igv:Layout, com.sun.hotspot.igv:NetworkConnection, com.sun.hotspot.igv:SelectionCoordinator, com.sun.hotspot.igv:ServerCompiler, com.sun.hotspot.igv:Settings, com.sun.hotspot.igv:Util, com.sun.hotspot.igv:View, com.sun.hotspot.igv:branding, junit:junit, net.java.dev.swing-layout:swing-layout, org.apache.xmlgraphics:batik-dom, org.apache.xmlgraphics:batik-svggen, org.netbeans.api:org-netbeans-api-progress, org.netbeans.api:org-netbeans-api-progress-nb, org.netbeans.api:org-netbeans-api-visual, org.netbeans.api:org-netbeans-modules-nbjunit, org.netbeans.api:org-netbeans-modules-options-api, org.netbeans.api:org-netbeans-spi-quicksearch, org.netbeans.api:org-openide-actions, org.netbeans.api:org-openide-awt, org.netbeans.api:org-openide-dialogs, org.netbeans.api:org-openide-explorer, org.netbeans.api:org-openide-filesystems, org.netbeans.api:org-openide-loaders, org.netbeans.api:org-openide-nodes, org.netbeans.api:org-openide-util, org.netbeans.api:org-openide-util-lookup, org.netbeans.api:org-openide-util-ui, org.netbeans.api:org-openide-windows]",0.95
broadgsa/gatk,broadgsa/gatk-protected,"[colt:colt, com.github.broadinstitute:picard, com.github.samtools:htsjdk, com.google.caliper:caliper, com.google.code.cofoja:cofoja, com.google.code.gson:gson, com.google.inject:guice, com.intel.gkl:gkl, com.sun:tools, commons-collections:commons-collections, commons-httpclient:commons-httpclient, commons-io:commons-io, commons-lang:commons-lang, commons-logging:commons-logging, gov.nist.math:jama, it.unimi.dsi:fastutil, javax.mail:mail, log4j:log4j, net.java.dev.jets3t:jets3t, net.java.dev.jna:jna, net.sf.jgrapht:jgrapht, net.sf.snpeff:snpeff, org.apache.commons:commons-email, org.apache.commons:commons-jexl, org.apache.commons:commons-math, org.apache.commons:commons-math3, org.apache.httpcomponents:httpclient, org.broadinstitute.gatk:gatk-engine, org.broadinstitute.gatk:gatk-queue, org.broadinstitute.gatk:gatk-queue-extensions-generator, org.broadinstitute.gatk:gatk-tools-public, org.broadinstitute.gatk:gatk-utils, org.freemarker:freemarker, org.mongodb:mongo-java-driver, org.reflections:reflections, org.scala-lang:scala-compiler, org.scala-lang:scala-library, org.simpleframework:simple-xml, org.slf4j:slf4j-api, org.slf4j:slf4j-log4j12, org.testng:testng, org.uncommons:reportng, us.levk:drmaa-gridengine]",0.93
CamelCookbook/camel-cookbook-examples,vaquarkhan/vaquarkhan,"[com.atomikos:transactions, com.atomikos:transactions-api, com.atomikos:transactions-jdbc, com.atomikos:transactions-jms, com.google.code.spring-crypto-utils:spring-crypto-utils, com.h2database:h2, com.sun.xml.bind:jaxb-core, com.sun.xml.bind:jaxb-impl, commons-codec:commons-codec, commons-lang:commons-lang, commons-logging:commons-logging, junit:junit, net.sf.saxon:Saxon-HE, org.apache.activemq:activemq-camel, org.apache.aries.blueprint:org.apache.aries.blueprint.api, org.apache.aries.blueprint:org.apache.aries.blueprint.cm, org.apache.aries.blueprint:org.apache.aries.blueprint.core, org.apache.aries.proxy:org.apache.aries.proxy.api, org.apache.aries.proxy:org.apache.aries.proxy.impl, org.apache.aries:org.apache.aries.util, org.apache.camel:camel-bindy, org.apache.camel:camel-blueprint, org.apache.camel:camel-core, org.apache.camel:camel-crypto, org.apache.camel:camel-cxf, org.apache.camel:camel-jackson, org.apache.camel:camel-jasypt, org.apache.camel:camel-jaxb, org.apache.camel:camel-jdbc, org.apache.camel:camel-jms, org.apache.camel:camel-jmx, org.apache.camel:camel-saxon, org.apache.camel:camel-script, org.apache.camel:camel-spring, org.apache.camel:camel-spring-security, org.apache.camel:camel-sql, org.apache.camel:camel-test, org.apache.camel:camel-test-blueprint, org.apache.camel:camel-test-spring, org.apache.camel:camel-xmljson, org.apache.camel:camel-xmlsecurity, org.apache.camel:camel-xstream, org.apache.cxf:cxf-rt-transports-http-jetty, org.apache.geronimo.specs:geronimo-jta_1.1_spec, org.camelcookbook.examples:ws-payments-api, org.jvnet.jaxb2_commons:jaxb2-basics-runtime, org.slf4j:slf4j-api, org.springframework.security:spring-security-config, org.springframework.security:spring-security-core, org.springframework:spring-aop, org.springframework:spring-beans, org.springframework:spring-context, org.springframework:spring-context-support, org.springframework:spring-core, org.springframework:spring-jdbc, org.springframework:spring-jms, org.springframework:spring-test, org.springframework:spring-tx, org.springframework:spring-web, xalan:xalan, xml-apis:xml-apis, xom:xom]",0.7
jfree/jfreechart,unitsofmeasurement/unit-api,"[org.junit.jupiter:junit-jupiter-api, org.junit.jupiter:junit-jupiter-engine]",1.0
apache/jclouds,jclouds/jclouds,"[ch.qos.logback:logback-classic, ch.qos.logback:logback-core, com.github.spotbugs:spotbugs-annotations, com.google.auto.factory:auto-factory, com.google.auto.service:auto-service, com.google.auto.value:auto-value, com.google.code.findbugs:jsr305, com.google.code.gson:gson, com.google.guava:guava, com.google.inject.extensions:guice-assistedinject, com.google.inject:guice, com.hierynomus:sshj, com.jcraft:jsch, com.jcraft:jsch.agentproxy.connector-factory, com.jcraft:jsch.agentproxy.jsch, com.jcraft:jsch.agentproxy.sshj, io.netty:netty, javax.ws.rs:javax.ws.rs-api, joda-time:joda-time, org.apache.httpcomponents:httpclient, org.apache.jclouds.api:atmos, org.apache.jclouds.api:byon, org.apache.jclouds.api:chef, org.apache.jclouds.api:cloudstack, org.apache.jclouds.api:cloudwatch, org.apache.jclouds.api:docker, org.apache.jclouds.api:ec2, org.apache.jclouds.api:elasticstack, org.apache.jclouds.api:oauth, org.apache.jclouds.api:openstack-cinder, org.apache.jclouds.api:openstack-keystone, org.apache.jclouds.api:openstack-neutron, org.apache.jclouds.api:openstack-nova, org.apache.jclouds.api:openstack-nova-ec2, org.apache.jclouds.api:openstack-swift, org.apache.jclouds.api:openstack-trove, org.apache.jclouds.api:rackspace-clouddns, org.apache.jclouds.api:rackspace-cloudidentity, org.apache.jclouds.api:rackspace-cloudloadbalancers, org.apache.jclouds.api:route53, org.apache.jclouds.api:s3, org.apache.jclouds.api:sqs, org.apache.jclouds.api:sts, org.apache.jclouds.common:googlecloud, org.apache.jclouds.driver:jclouds-apachehc, org.apache.jclouds.driver:jclouds-bouncycastle, org.apache.jclouds.driver:jclouds-enterprise, org.apache.jclouds.driver:jclouds-joda, org.apache.jclouds.driver:jclouds-jsch, org.apache.jclouds.driver:jclouds-log4j, org.apache.jclouds.driver:jclouds-netty, org.apache.jclouds.driver:jclouds-okhttp, org.apache.jclouds.driver:jclouds-slf4j, org.apache.jclouds.driver:jclouds-sshj, org.apache.jclouds.provider:aws-cloudwatch, org.apache.jclouds.provider:aws-ec2, org.apache.jclouds.provider:aws-route53, org.apache.jclouds.provider:aws-s3, org.apache.jclouds.provider:aws-sqs, org.apache.jclouds.provider:aws-sts, org.apache.jclouds.provider:azureblob, org.apache.jclouds.provider:azurecompute-arm, org.apache.jclouds.provider:b2, org.apache.jclouds.provider:digitalocean2, org.apache.jclouds.provider:dynect, org.apache.jclouds.provider:elastichosts-lon-b, org.apache.jclouds.provider:elastichosts-lon-p, org.apache.jclouds.provider:elastichosts-sat-p, org.apache.jclouds.provider:go2cloud-jhb1, org.apache.jclouds.provider:gogrid, org.apache.jclouds.provider:google-cloud-storage, org.apache.jclouds.provider:google-compute-engine, org.apache.jclouds.provider:openhosting-east1, org.apache.jclouds.provider:packet, org.apache.jclouds.provider:profitbricks, org.apache.jclouds.provider:rackspace-cloudblockstorage-uk, org.apache.jclouds.provider:rackspace-cloudblockstorage-us, org.apache.jclouds.provider:rackspace-clouddatabases-uk, org.apache.jclouds.provider:rackspace-clouddatabases-us, org.apache.jclouds.provider:rackspace-clouddns-uk, org.apache.jclouds.provider:rackspace-clouddns-us, org.apache.jclouds.provider:rackspace-cloudfiles-uk, org.apache.jclouds.provider:rackspace-cloudfiles-us, org.apache.jclouds.provider:rackspace-cloudloadbalancers-uk, org.apache.jclouds.provider:rackspace-cloudloadbalancers-us, org.apache.jclouds.provider:rackspace-cloudservers-uk, org.apache.jclouds.provider:rackspace-cloudservers-us, org.apache.jclouds.provider:serverlove-z1-man, org.apache.jclouds.provider:skalicloud-sdg-my, org.apache.jclouds.provider:softlayer, org.apache.jclouds.provider:ultradns-ws, org.apache.jclouds:jclouds-allblobstore, org.apache.jclouds:jclouds-allcompute, org.apache.jclouds:jclouds-allloadbalancer, org.apache.jclouds:jclouds-blobstore, org.apache.jclouds:jclouds-compute, org.apache.jclouds:jclouds-core, org.apache.jclouds:jclouds-loadbalancer, org.apache.jclouds:jclouds-scriptbuilder, org.assertj:assertj-core, org.assertj:assertj-guava, org.bouncycastle:bcprov-ext-jdk15on, org.easymock:easymock, org.eclipse.jetty:jetty-security, org.gaul:modernizer-maven-annotations, org.osgi:org.osgi.core, org.slf4j:slf4j-api, org.testng:testng, org.yaml:snakeyaml, xmlunit:xmlunit]",0.82
AdoptOpenJDK/openjdk-jdk,openjdk/amber,"[com.sun.hotspot.igv:Bytecodes, com.sun.hotspot.igv:ControlFlow, com.sun.hotspot.igv:Coordinator, com.sun.hotspot.igv:Data, com.sun.hotspot.igv:Difference, com.sun.hotspot.igv:Filter, com.sun.hotspot.igv:FilterWindow, com.sun.hotspot.igv:Graal, com.sun.hotspot.igv:Graph, com.sun.hotspot.igv:HierarchicalLayout, com.sun.hotspot.igv:Layout, com.sun.hotspot.igv:NetworkConnection, com.sun.hotspot.igv:SelectionCoordinator, com.sun.hotspot.igv:ServerCompiler, com.sun.hotspot.igv:Settings, com.sun.hotspot.igv:Util, com.sun.hotspot.igv:View, com.sun.hotspot.igv:branding, junit:junit, net.java.dev.swing-layout:swing-layout, org.netbeans.api:org-netbeans-api-progress, org.netbeans.api:org-netbeans-api-progress-nb, org.netbeans.api:org-netbeans-api-visual, org.netbeans.api:org-netbeans-modules-nbjunit, org.netbeans.api:org-netbeans-modules-options-api, org.netbeans.api:org-netbeans-spi-quicksearch, org.netbeans.api:org-openide-actions, org.netbeans.api:org-openide-awt, org.netbeans.api:org-openide-dialogs, org.netbeans.api:org-openide-explorer, org.netbeans.api:org-openide-filesystems, org.netbeans.api:org-openide-loaders, org.netbeans.api:org-openide-nodes, org.netbeans.api:org-openide-util, org.netbeans.api:org-openide-util-lookup, org.netbeans.api:org-openide-util-ui, org.netbeans.api:org-openide-windows]",0.9
openjdk/mobile,openjdk/valhalla,"[com.sun.hotspot.igv:Bytecodes, com.sun.hotspot.igv:ControlFlow, com.sun.hotspot.igv:Coordinator, com.sun.hotspot.igv:Data, com.sun.hotspot.igv:Difference, com.sun.hotspot.igv:Filter, com.sun.hotspot.igv:FilterWindow, com.sun.hotspot.igv:Graal, com.sun.hotspot.igv:Graph, com.sun.hotspot.igv:HierarchicalLayout, com.sun.hotspot.igv:Layout, com.sun.hotspot.igv:NetworkConnection, com.sun.hotspot.igv:SelectionCoordinator, com.sun.hotspot.igv:ServerCompiler, com.sun.hotspot.igv:Settings, com.sun.hotspot.igv:Util, com.sun.hotspot.igv:View, com.sun.hotspot.igv:branding, junit:junit, net.java.dev.swing-layout:swing-layout, org.netbeans.api:org-netbeans-api-progress, org.netbeans.api:org-netbeans-api-progress-nb, org.netbeans.api:org-netbeans-api-visual, org.netbeans.api:org-netbeans-modules-nbjunit, org.netbeans.api:org-netbeans-modules-options-api, org.netbeans.api:org-netbeans-spi-quicksearch, org.netbeans.api:org-openide-actions, org.netbeans.api:org-openide-awt, org.netbeans.api:org-openide-dialogs, org.netbeans.api:org-openide-explorer, org.netbeans.api:org-openide-filesystems, org.netbeans.api:org-openide-loaders, org.netbeans.api:org-openide-nodes, org.netbeans.api:org-openide-util, org.netbeans.api:org-openide-util-lookup, org.netbeans.api:org-openide-util-ui, org.netbeans.api:org-openide-windows]",0.9
openjdk/amber,openjdk/jdk,"[com.github.librepdf:openpdf, com.sun.hotspot.igv:Bytecodes, com.sun.hotspot.igv:ControlFlow, com.sun.hotspot.igv:Coordinator, com.sun.hotspot.igv:Data, com.sun.hotspot.igv:Difference, com.sun.hotspot.igv:Filter, com.sun.hotspot.igv:FilterWindow, com.sun.hotspot.igv:Graal, com.sun.hotspot.igv:Graph, com.sun.hotspot.igv:HierarchicalLayout, com.sun.hotspot.igv:Layout, com.sun.hotspot.igv:NetworkConnection, com.sun.hotspot.igv:SelectionCoordinator, com.sun.hotspot.igv:ServerCompiler, com.sun.hotspot.igv:Settings, com.sun.hotspot.igv:Util, com.sun.hotspot.igv:View, com.sun.hotspot.igv:branding, junit:junit, net.java.dev.swing-layout:swing-layout, org.apache.xmlgraphics:batik-dom, org.apache.xmlgraphics:batik-svggen, org.netbeans.api:org-netbeans-api-progress, org.netbeans.api:org-netbeans-api-progress-nb, org.netbeans.api:org-netbeans-api-visual, org.netbeans.api:org-netbeans-modules-nbjunit, org.netbeans.api:org-netbeans-modules-options-api, org.netbeans.api:org-netbeans-spi-quicksearch, org.netbeans.api:org-openide-actions, org.netbeans.api:org-openide-awt, org.netbeans.api:org-openide-dialogs, org.netbeans.api:org-openide-explorer, org.netbeans.api:org-openide-filesystems, org.netbeans.api:org-openide-loaders, org.netbeans.api:org-openide-nodes, org.netbeans.api:org-openide-util, org.netbeans.api:org-openide-util-lookup, org.netbeans.api:org-openide-util-ui, org.netbeans.api:org-openide-windows]",1.0
openjdk/jdk,openjdk/jdk17,"[com.sun.hotspot.igv:Bytecodes, com.sun.hotspot.igv:ControlFlow, com.sun.hotspot.igv:Coordinator, com.sun.hotspot.igv:Data, com.sun.hotspot.igv:Difference, com.sun.hotspot.igv:Filter, com.sun.hotspot.igv:FilterWindow, com.sun.hotspot.igv:Graal, com.sun.hotspot.igv:Graph, com.sun.hotspot.igv:HierarchicalLayout, com.sun.hotspot.igv:Layout, com.sun.hotspot.igv:NetworkConnection, com.sun.hotspot.igv:SelectionCoordinator, com.sun.hotspot.igv:ServerCompiler, com.sun.hotspot.igv:Settings, com.sun.hotspot.igv:Util, com.sun.hotspot.igv:View, com.sun.hotspot.igv:branding, junit:junit, net.java.dev.swing-layout:swing-layout, org.netbeans.api:org-netbeans-api-progress, org.netbeans.api:org-netbeans-api-progress-nb, org.netbeans.api:org-netbeans-api-visual, org.netbeans.api:org-netbeans-modules-nbjunit, org.netbeans.api:org-netbeans-modules-options-api, org.netbeans.api:org-netbeans-spi-quicksearch, org.netbeans.api:org-openide-actions, org.netbeans.api:org-openide-awt, org.netbeans.api:org-openide-dialogs, org.netbeans.api:org-openide-explorer, org.netbeans.api:org-openide-filesystems, org.netbeans.api:org-openide-loaders, org.netbeans.api:org-openide-nodes, org.netbeans.api:org-openide-util, org.netbeans.api:org-openide-util-lookup, org.netbeans.api:org-openide-util-ui, org.netbeans.api:org-openide-windows]",0.9
aionnetwork/aion,joshjdevl/libsodium-jni,"[com.google.guava:guava, junit:junit]",1.0
arteam/100-Java-Concurrency-questions,thomasmueller/minperf,"[junit:junit, org.openjdk.jmh:jmh-core, org.openjdk.jmh:jmh-generator-annprocess]",1.0
openjdk/amber,openjdk/valhalla,"[com.sun.hotspot.igv:Bytecodes, com.sun.hotspot.igv:ControlFlow, com.sun.hotspot.igv:Coordinator, com.sun.hotspot.igv:Data, com.sun.hotspot.igv:Difference, com.sun.hotspot.igv:Filter, com.sun.hotspot.igv:FilterWindow, com.sun.hotspot.igv:Graal, com.sun.hotspot.igv:Graph, com.sun.hotspot.igv:HierarchicalLayout, com.sun.hotspot.igv:Layout, com.sun.hotspot.igv:NetworkConnection, com.sun.hotspot.igv:SelectionCoordinator, com.sun.hotspot.igv:ServerCompiler, com.sun.hotspot.igv:Settings, com.sun.hotspot.igv:Util, com.sun.hotspot.igv:View, com.sun.hotspot.igv:branding, junit:junit, net.java.dev.swing-layout:swing-layout, org.netbeans.api:org-netbeans-api-progress, org.netbeans.api:org-netbeans-api-progress-nb, org.netbeans.api:org-netbeans-api-visual, org.netbeans.api:org-netbeans-modules-nbjunit, org.netbeans.api:org-netbeans-modules-options-api, org.netbeans.api:org-netbeans-spi-quicksearch, org.netbeans.api:org-openide-actions, org.netbeans.api:org-openide-awt, org.netbeans.api:org-openide-dialogs, org.netbeans.api:org-openide-explorer, org.netbeans.api:org-openide-filesystems, org.netbeans.api:org-openide-loaders, org.netbeans.api:org-openide-nodes, org.netbeans.api:org-openide-util, org.netbeans.api:org-openide-util-lookup, org.netbeans.api:org-openide-util-ui, org.netbeans.api:org-openide-windows]",0.9
cheese10yun/spring-guide,karcan/javaBootcamp,"[io.springfox:springfox-swagger-ui, io.springfox:springfox-swagger2]",1.0
gary-rowe/hid4java,shannah/Java-Objective-C-Bridge,"[net.java.dev.jna:jna, org.junit.jupiter:junit-jupiter]",1.0
f4b6a3/uuid-creator,thomasmueller/minperf,"[junit:junit, org.openjdk.jmh:jmh-core, org.openjdk.jmh:jmh-generator-annprocess]",0.75
AdoptOpenJDK/openjdk-jdk,openjdk/valhalla,"[com.sun.hotspot.igv:BatikSVGProxy, com.sun.hotspot.igv:Bytecodes, com.sun.hotspot.igv:ControlFlow, com.sun.hotspot.igv:Coordinator, com.sun.hotspot.igv:Data, com.sun.hotspot.igv:Difference, com.sun.hotspot.igv:Filter, com.sun.hotspot.igv:FilterWindow, com.sun.hotspot.igv:Graal, com.sun.hotspot.igv:Graph, com.sun.hotspot.igv:HierarchicalLayout, com.sun.hotspot.igv:Layout, com.sun.hotspot.igv:NetworkConnection, com.sun.hotspot.igv:SelectionCoordinator, com.sun.hotspot.igv:ServerCompiler, com.sun.hotspot.igv:Settings, com.sun.hotspot.igv:Util, com.sun.hotspot.igv:View, com.sun.hotspot.igv:branding, junit:junit, net.java.dev.swing-layout:swing-layout, org.netbeans.api:org-netbeans-api-progress, org.netbeans.api:org-netbeans-api-progress-nb, org.netbeans.api:org-netbeans-api-visual, org.netbeans.api:org-netbeans-modules-nbjunit, org.netbeans.api:org-netbeans-modules-options-api, org.netbeans.api:org-netbeans-spi-quicksearch, org.netbeans.api:org-openide-actions, org.netbeans.api:org-openide-awt, org.netbeans.api:org-openide-dialogs, org.netbeans.api:org-openide-explorer, org.netbeans.api:org-openide-filesystems, org.netbeans.api:org-openide-loaders, org.netbeans.api:org-openide-nodes, org.netbeans.api:org-openide-util, org.netbeans.api:org-openide-util-lookup, org.netbeans.api:org-openide-util-ui, org.netbeans.api:org-openide-windows]",1.0
geometer/FBReader-Android-2,geometer/FBReaderJ,"[com.google.android:android, com.google.android:support-v4]",1.0
4pr0n/ripme,RipMeApp/ripme,"[commons-cli:commons-cli, commons-configuration:commons-configuration, commons-io:commons-io, log4j:log4j, org.apache.httpcomponents:httpclient, org.apache.httpcomponents:httpmime, org.json:json, org.jsoup:jsoup]",0.73
elunez/eladmin,perye/dokit,"[ch.ethz.ganymed:ganymed-ssh2, cn.hutool:hutool-all, com.alibaba:druid-spring-boot-starter, com.alibaba:fastjson, com.github.oshi:oshi-core, com.github.whvcse:easy-captcha, com.jcraft:jsch, com.qiniu:qiniu-java-sdk, commons-configuration:commons-configuration, io.jsonwebtoken:jjwt-api, io.jsonwebtoken:jjwt-impl, io.jsonwebtoken:jjwt-jackson, io.springfox:springfox-swagger-ui, io.springfox:springfox-swagger2, io.swagger:swagger-annotations, io.swagger:swagger-models, javax.inject:javax.inject, javax.mail:mail, org.apache.commons:commons-pool2, org.apache.poi:poi, org.apache.poi:poi-ooxml, org.bgee.log4jdbc-log4j2:log4jdbc-log4j2-jdbc4.1, org.mapstruct:mapstruct, org.mapstruct:mapstruct-processor, xerces:xercesImpl]",0.71
SAP/SapMachine,openjdk/loom,"[com.github.librepdf:openpdf, com.sun.hotspot.igv:Bytecodes, com.sun.hotspot.igv:ControlFlow, com.sun.hotspot.igv:Coordinator, com.sun.hotspot.igv:Data, com.sun.hotspot.igv:Difference, com.sun.hotspot.igv:Filter, com.sun.hotspot.igv:FilterWindow, com.sun.hotspot.igv:Graal, com.sun.hotspot.igv:Graph, com.sun.hotspot.igv:HierarchicalLayout, com.sun.hotspot.igv:Layout, com.sun.hotspot.igv:NetworkConnection, com.sun.hotspot.igv:SelectionCoordinator, com.sun.hotspot.igv:ServerCompiler, com.sun.hotspot.igv:Settings, com.sun.hotspot.igv:Util, com.sun.hotspot.igv:View, com.sun.hotspot.igv:branding, junit:junit, net.java.dev.swing-layout:swing-layout, org.apache.xmlgraphics:batik-dom, org.apache.xmlgraphics:batik-svggen, org.netbeans.api:org-netbeans-api-progress, org.netbeans.api:org-netbeans-api-progress-nb, org.netbeans.api:org-netbeans-api-visual, org.netbeans.api:org-netbeans-modules-nbjunit, org.netbeans.api:org-netbeans-modules-options-api, org.netbeans.api:org-netbeans-spi-quicksearch, org.netbeans.api:org-openide-actions, org.netbeans.api:org-openide-awt, org.netbeans.api:org-openide-dialogs, org.netbeans.api:org-openide-explorer, org.netbeans.api:org-openide-filesystems, org.netbeans.api:org-openide-loaders, org.netbeans.api:org-openide-nodes, org.netbeans.api:org-openide-util, org.netbeans.api:org-openide-util-lookup, org.netbeans.api:org-openide-util-ui, org.netbeans.api:org-openide-windows]",0.95
albfernandez/juniversalchardet,j256/two-factor-auth,"[commons-codec:commons-codec, junit:junit]",1.0
SAP/SapMachine,openjdk/jdk17,"[com.sun.hotspot.igv:Bytecodes, com.sun.hotspot.igv:ControlFlow, com.sun.hotspot.igv:Coordinator, com.sun.hotspot.igv:Data, com.sun.hotspot.igv:Difference, com.sun.hotspot.igv:Filter, com.sun.hotspot.igv:FilterWindow, com.sun.hotspot.igv:Graal, com.sun.hotspot.igv:Graph, com.sun.hotspot.igv:HierarchicalLayout, com.sun.hotspot.igv:Layout, com.sun.hotspot.igv:NetworkConnection, com.sun.hotspot.igv:SelectionCoordinator, com.sun.hotspot.igv:ServerCompiler, com.sun.hotspot.igv:Settings, com.sun.hotspot.igv:Util, com.sun.hotspot.igv:View, com.sun.hotspot.igv:branding, junit:junit, net.java.dev.swing-layout:swing-layout, org.netbeans.api:org-netbeans-api-progress, org.netbeans.api:org-netbeans-api-progress-nb, org.netbeans.api:org-netbeans-api-visual, org.netbeans.api:org-netbeans-modules-nbjunit, org.netbeans.api:org-netbeans-modules-options-api, org.netbeans.api:org-netbeans-spi-quicksearch, org.netbeans.api:org-openide-actions, org.netbeans.api:org-openide-awt, org.netbeans.api:org-openide-dialogs, org.netbeans.api:org-openide-explorer, org.netbeans.api:org-openide-filesystems, org.netbeans.api:org-openide-loaders, org.netbeans.api:org-openide-nodes, org.netbeans.api:org-openide-util, org.netbeans.api:org-openide-util-lookup, org.netbeans.api:org-openide-util-ui, org.netbeans.api:org-openide-windows]",0.9
google/openrtb,google/openrtb-doubleclick,"[com.google.code.findbugs:jsr305, com.google.guava:guava, com.google.protobuf:protobuf-java, com.google.truth:truth, io.dropwizard.metrics:metrics-core, javax.inject:javax.inject, junit:junit, org.slf4j:slf4j-api, org.slf4j:slf4j-jdk14]",0.82
f2prateek/progressbutton,mcxiaoke/android-volley,"[com.google.android:android, junit:junit, org.mockito:mockito-core, org.robolectric:robolectric]",0.8
maxmind/geoip-api-java,stateless4j/stateless4j,"[junit:junit, org.mockito:mockito-core]",1.0
eclipsesource/J2V8,maxmind/geoip-api-java,"[junit:junit, org.mockito:mockito-core]",1.0
dddplus/dddplus,funkygao/cp-ddd-framework,"[com.google.caliper:caliper, com.tngtech.archunit:archunit, io.github.dddplus:dddplus-enforce, io.github.dddplus:dddplus-plugin, io.github.dddplus:dddplus-runtime, io.github.dddplus:dddplus-spec, io.github.dddplus:dddplus-unit, javax.validation:validation-api, junit:junit, org.apache.logging.log4j:log4j-core, org.apache.logging.log4j:log4j-slf4j-impl, org.aspectj:aspectjweaver, org.projectlombok:lombok, org.slf4j:slf4j-api, org.springframework:spring-context, org.springframework:spring-core, org.springframework:spring-test]",1.0
Plugily-Projects/BuildBattle,Plugily-Projects/MurderMystery,"[com.alessiodp.parties:parties-api, commons-io:commons-io, de.simonsator:Party-and-Friends-MySQL-Edition-Spigot-API, de.simonsator:Spigot-Party-API-For-RedisBungee, de.simonsator:partyandfriends, io.papermc.paper:paper-api, me.clip:placeholderapi, me.tigerhix.lib:scoreboard, org.bstats:bstats-bukkit, org.jetbrains:annotations, plugily.projects.inventoryframework:IF, plugily.projects:commons-box-classic, plugily.projects:commons-box-database, plugily.projects:commons-box-minecraft]",0.78
NLPchina/nlp-lang,j256/simplemagic,"[commons-logging:commons-logging, junit:junit, log4j:log4j, org.apache.logging.log4j:log4j-api, org.slf4j:slf4j-api]",0.71
TheHolyWaffle/TeamSpeak-3-Java-API,jalkanen/speed4j,"[junit:junit, org.slf4j:slf4j-api, org.slf4j:slf4j-simple]",0.75
AdoptOpenJDK/openjdk-jdk,SAP/SapMachine,"[com.sun.hotspot.igv:Bytecodes, com.sun.hotspot.igv:ControlFlow, com.sun.hotspot.igv:Coordinator, com.sun.hotspot.igv:Data, com.sun.hotspot.igv:Difference, com.sun.hotspot.igv:Filter, com.sun.hotspot.igv:FilterWindow, com.sun.hotspot.igv:Graal, com.sun.hotspot.igv:Graph, com.sun.hotspot.igv:HierarchicalLayout, com.sun.hotspot.igv:Layout, com.sun.hotspot.igv:NetworkConnection, com.sun.hotspot.igv:SelectionCoordinator, com.sun.hotspot.igv:ServerCompiler, com.sun.hotspot.igv:Settings, com.sun.hotspot.igv:Util, com.sun.hotspot.igv:View, com.sun.hotspot.igv:branding, junit:junit, net.java.dev.swing-layout:swing-layout, org.netbeans.api:org-netbeans-api-progress, org.netbeans.api:org-netbeans-api-progress-nb, org.netbeans.api:org-netbeans-api-visual, org.netbeans.api:org-netbeans-modules-nbjunit, org.netbeans.api:org-netbeans-modules-options-api, org.netbeans.api:org-netbeans-spi-quicksearch, org.netbeans.api:org-openide-actions, org.netbeans.api:org-openide-awt, org.netbeans.api:org-openide-dialogs, org.netbeans.api:org-openide-explorer, org.netbeans.api:org-openide-filesystems, org.netbeans.api:org-openide-loaders, org.netbeans.api:org-openide-nodes, org.netbeans.api:org-openide-util, org.netbeans.api:org-openide-util-lookup, org.netbeans.api:org-openide-util-ui, org.netbeans.api:org-openide-windows]",0.9
airsonic/airsonic,popeen/Booksonic-Air,"[com.auth0:java-jwt, com.fasterxml.jackson.core:jackson-annotations, com.fasterxml.jackson.core:jackson-core, com.fasterxml.jackson.core:jackson-databind, com.github.biconou:AudioPlayer, com.github.muff1nman.chameleon:core, com.github.muff1nman.chameleon:playlist-all, com.github.muff1nman.chameleon:playlist-xspf, com.google.code.findbugs:jsr305, com.google.guava:guava, com.hoodcomputing:natpmp, com.mattbertolini:liquibase-slf4j, com.yahoo.platform.yui:yuicompressor, commons-beanutils:commons-beanutils, commons-fileupload:commons-fileupload, commons-io:commons-io, commons-lang:commons-lang, de.triology.recaptchav2-java:recaptchav2-java, de.u-mass:lastfm-java, jakarta.annotation:jakarta.annotation-api, jakarta.jws:jakarta.jws-api, jakarta.servlet.jsp:jakarta.servlet.jsp-api, jakarta.xml.bind:jakarta.xml.bind-api, jakarta.xml.soap:jakarta.xml.soap-api, jakarta.xml.ws:jakarta.xml.ws-api, mysql:mysql-connector-java, net.jthink:jaudiotagger, net.sf.ehcache:ehcache-core, org.airsonic.player:airsonic-sonos-api, org.airsonic.player:subsonic-rest-api, org.apache.ant:ant, org.apache.commons:commons-collections4, org.apache.commons:commons-configuration2, org.apache.commons:commons-dbcp2, org.apache.commons:commons-lang3, org.apache.cxf:cxf-core, org.apache.cxf:cxf-rt-bindings-soap, org.apache.cxf:cxf-rt-databinding-jaxb, org.apache.cxf:cxf-rt-frontend-jaxws, org.apache.cxf:cxf-rt-transports-http, org.apache.logging.log4j:log4j-api, org.apache.logging.log4j:log4j-to-slf4j, org.apache.lucene:lucene-analyzers-common, org.apache.lucene:lucene-core, org.apache.maven:maven-artifact, org.apache.taglibs:taglibs-standard-impl, org.apache.tomcat.embed:tomcat-embed-core, org.apache.tomcat.embed:tomcat-embed-el, org.apache.tomcat.embed:tomcat-embed-jasper, org.apache.tomcat.embed:tomcat-embed-websocket, org.apache.tomcat:tomcat-annotations-api, org.apache.tomcat:tomcat-jdbc, org.apache.tomcat:tomcat-juli, org.directwebremoting:dwr, org.eclipse.persistence:org.eclipse.persistence.moxy, org.fourthline.cling:cling-core, org.fourthline.cling:cling-support, org.glassfish.jaxb:jaxb-runtime, org.hsqldb:hsqldb, org.jfree:jfreechart, org.jvnet.staxex:stax-ex, org.liquibase:liquibase-core, org.mariadb.jdbc:mariadb-java-client, org.ow2.asm:asm, org.postgresql:postgresql, org.seamless:seamless-util, org.xmlunit:xmlunit-core, org.xmlunit:xmlunit-matchers, stax:stax-api, taglibs:string]",0.96
SAP/SapMachine,openjdk/jdk,"[com.github.librepdf:openpdf, com.sun.hotspot.igv:Bytecodes, com.sun.hotspot.igv:ControlFlow, com.sun.hotspot.igv:Coordinator, com.sun.hotspot.igv:Data, com.sun.hotspot.igv:Difference, com.sun.hotspot.igv:Filter, com.sun.hotspot.igv:FilterWindow, com.sun.hotspot.igv:Graal, com.sun.hotspot.igv:Graph, com.sun.hotspot.igv:HierarchicalLayout, com.sun.hotspot.igv:Layout, com.sun.hotspot.igv:NetworkConnection, com.sun.hotspot.igv:SelectionCoordinator, com.sun.hotspot.igv:ServerCompiler, com.sun.hotspot.igv:Settings, com.sun.hotspot.igv:Util, com.sun.hotspot.igv:View, com.sun.hotspot.igv:branding, junit:junit, net.java.dev.swing-layout:swing-layout, org.apache.xmlgraphics:batik-dom, org.apache.xmlgraphics:batik-svggen, org.netbeans.api:org-netbeans-api-progress, org.netbeans.api:org-netbeans-api-progress-nb, org.netbeans.api:org-netbeans-api-visual, org.netbeans.api:org-netbeans-modules-nbjunit, org.netbeans.api:org-netbeans-modules-options-api, org.netbeans.api:org-netbeans-spi-quicksearch, org.netbeans.api:org-openide-actions, org.netbeans.api:org-openide-awt, org.netbeans.api:org-openide-dialogs, org.netbeans.api:org-openide-explorer, org.netbeans.api:org-openide-filesystems, org.netbeans.api:org-openide-loaders, org.netbeans.api:org-openide-nodes, org.netbeans.api:org-openide-util, org.netbeans.api:org-openide-util-lookup, org.netbeans.api:org-openide-util-ui, org.netbeans.api:org-openide-windows]",1.0
openjdk/jdk17,openjdk/loom,"[com.sun.hotspot.igv:Bytecodes, com.sun.hotspot.igv:ControlFlow, com.sun.hotspot.igv:Coordinator, com.sun.hotspot.igv:Data, com.sun.hotspot.igv:Difference, com.sun.hotspot.igv:Filter, com.sun.hotspot.igv:FilterWindow, com.sun.hotspot.igv:Graal, com.sun.hotspot.igv:Graph, com.sun.hotspot.igv:HierarchicalLayout, com.sun.hotspot.igv:Layout, com.sun.hotspot.igv:NetworkConnection, com.sun.hotspot.igv:SelectionCoordinator, com.sun.hotspot.igv:ServerCompiler, com.sun.hotspot.igv:Settings, com.sun.hotspot.igv:Util, com.sun.hotspot.igv:View, com.sun.hotspot.igv:branding, junit:junit, net.java.dev.swing-layout:swing-layout, org.netbeans.api:org-netbeans-api-progress, org.netbeans.api:org-netbeans-api-progress-nb, org.netbeans.api:org-netbeans-api-visual, org.netbeans.api:org-netbeans-modules-nbjunit, org.netbeans.api:org-netbeans-modules-options-api, org.netbeans.api:org-netbeans-spi-quicksearch, org.netbeans.api:org-openide-actions, org.netbeans.api:org-openide-awt, org.netbeans.api:org-openide-dialogs, org.netbeans.api:org-openide-explorer, org.netbeans.api:org-openide-filesystems, org.netbeans.api:org-openide-loaders, org.netbeans.api:org-openide-nodes, org.netbeans.api:org-openide-util, org.netbeans.api:org-openide-util-lookup, org.netbeans.api:org-openide-util-ui, org.netbeans.api:org-openide-windows]",0.86
bastillion-io/Bastillion,bastillion-io/Bastillion-EC2,"[com.github.mwiede:jsch, com.google.code.gson:gson, com.google.zxing:core, com.h2database:h2, commons-codec:commons-codec, commons-configuration:commons-configuration, commons-fileupload:commons-fileupload, io.bastillion:lmvc, org.apache.commons:commons-dbcp2, org.eclipse.jetty.websocket:javax-websocket-server-impl, org.eclipse.jetty:jetty-jaas]",0.92
JDKMissionControl/jmc,openjdk/jmc,"[junit:junit, org.jacoco:jacoco-maven-plugin, org.openjdk.jmc:common, org.openjdk.jmc:common.test, org.openjdk.jmc:flightrecorder, org.openjdk.jmc:flightrecorder.rules, org.openjdk.jmc:flightrecorder.rules.jdk, org.openjdk.jmc:flightrecorder.rules.jdk.test, org.openjdk.jmc:flightrecorder.rules.test, org.openjdk.jmc:flightrecorder.test, org.openjdk.jmc:org.openjdk.jmc.alert, org.openjdk.jmc:org.openjdk.jmc.attach, org.openjdk.jmc:org.openjdk.jmc.browser, org.openjdk.jmc:org.openjdk.jmc.browser.attach, org.openjdk.jmc:org.openjdk.jmc.browser.jdp, org.openjdk.jmc:org.openjdk.jmc.commands, org.openjdk.jmc:org.openjdk.jmc.console.jconsole, org.openjdk.jmc:org.openjdk.jmc.console.pde, org.openjdk.jmc:org.openjdk.jmc.console.persistence, org.openjdk.jmc:org.openjdk.jmc.console.twitter, org.openjdk.jmc:org.openjdk.jmc.console.ui, org.openjdk.jmc:org.openjdk.jmc.console.ui.diagnostic, org.openjdk.jmc:org.openjdk.jmc.console.ui.mbeanbrowser, org.openjdk.jmc:org.openjdk.jmc.console.ui.notification, org.openjdk.jmc:org.openjdk.jmc.console.ui.subscriptions, org.openjdk.jmc:org.openjdk.jmc.docs, org.openjdk.jmc:org.openjdk.jmc.feature.console, org.openjdk.jmc:org.openjdk.jmc.feature.console.ui.subscriptions, org.openjdk.jmc:org.openjdk.jmc.feature.core, org.openjdk.jmc:org.openjdk.jmc.feature.flightrecorder, org.openjdk.jmc:org.openjdk.jmc.feature.flightrecorder.ext.g1, org.openjdk.jmc:org.openjdk.jmc.feature.flightrecorder.ext.jfx, org.openjdk.jmc:org.openjdk.jmc.feature.flightrecorder.metadata, org.openjdk.jmc:org.openjdk.jmc.feature.ide, org.openjdk.jmc:org.openjdk.jmc.feature.ide.launch, org.openjdk.jmc:org.openjdk.jmc.feature.jconsole, org.openjdk.jmc:org.openjdk.jmc.feature.joverflow, org.openjdk.jmc:org.openjdk.jmc.feature.license, org.openjdk.jmc:org.openjdk.jmc.feature.pde, org.openjdk.jmc:org.openjdk.jmc.feature.rcp, org.openjdk.jmc:org.openjdk.jmc.feature.rcp.update, org.openjdk.jmc:org.openjdk.jmc.feature.twitter, org.openjdk.jmc:org.openjdk.jmc.flightrecorder.configuration, org.openjdk.jmc:org.openjdk.jmc.flightrecorder.configuration.test, org.openjdk.jmc:org.openjdk.jmc.flightrecorder.controlpanel.ui, org.openjdk.jmc:org.openjdk.jmc.flightrecorder.controlpanel.ui.configuration, org.openjdk.jmc:org.openjdk.jmc.flightrecorder.controlpanel.ui.configuration.test, org.openjdk.jmc:org.openjdk.jmc.flightrecorder.controlpanel.ui.test, org.openjdk.jmc:org.openjdk.jmc.flightrecorder.ext.g1, org.openjdk.jmc:org.openjdk.jmc.flightrecorder.ext.jfx, org.openjdk.jmc:org.openjdk.jmc.flightrecorder.ext.jfx.test, org.openjdk.jmc:org.openjdk.jmc.flightrecorder.metadata, org.openjdk.jmc:org.openjdk.jmc.flightrecorder.pde, org.openjdk.jmc:org.openjdk.jmc.flightrecorder.rules.extensionprovider, org.openjdk.jmc:org.openjdk.jmc.flightrecorder.ui, org.openjdk.jmc:org.openjdk.jmc.flightrecorder.ui.test, org.openjdk.jmc:org.openjdk.jmc.greychart, org.openjdk.jmc:org.openjdk.jmc.greychart.test, org.openjdk.jmc:org.openjdk.jmc.greychart.ui, org.openjdk.jmc:org.openjdk.jmc.ide.jdt, org.openjdk.jmc:org.openjdk.jmc.ide.launch, org.openjdk.jmc:org.openjdk.jmc.ide.launch.test, org.openjdk.jmc:org.openjdk.jmc.ide.ui, org.openjdk.jmc:org.openjdk.jmc.joverflow, org.openjdk.jmc:org.openjdk.jmc.joverflow.test, org.openjdk.jmc:org.openjdk.jmc.joverflow.ui, org.openjdk.jmc:org.openjdk.jmc.osgi.extension, org.openjdk.jmc:org.openjdk.jmc.pde, org.openjdk.jmc:org.openjdk.jmc.rcp.application, org.openjdk.jmc:org.openjdk.jmc.rcp.intro, org.openjdk.jmc:org.openjdk.jmc.rcp.product.feature, org.openjdk.jmc:org.openjdk.jmc.rjmx, org.openjdk.jmc:org.openjdk.jmc.rjmx.ext, org.openjdk.jmc:org.openjdk.jmc.rjmx.services.jfr, org.openjdk.jmc:org.openjdk.jmc.rjmx.services.jfr.test, org.openjdk.jmc:org.openjdk.jmc.rjmx.test, org.openjdk.jmc:org.openjdk.jmc.rjmx.ui, org.openjdk.jmc:org.openjdk.jmc.ui, org.openjdk.jmc:org.openjdk.jmc.ui.common, org.openjdk.jmc:org.openjdk.jmc.ui.common.test, org.openjdk.jmc:org.openjdk.jmc.ui.test, org.ow2.asm:asm, org.ow2.asm:asm-commons, org.ow2.asm:asm-util, org.owasp.encoder:encoder]",0.89
julman99/gson-fire,taycaldwell/riot-api-java,"[com.google.code.gson:gson, junit:junit]",1.0
AgNO3/jcifs-ng,codelibs/jcifs,"[javax.annotation:javax.annotation-api, javax.servlet:javax.servlet-api, junit:junit, org.bouncycastle:bcprov-jdk15on, org.mockito:mockito-core, org.slf4j:slf4j-api, org.slf4j:slf4j-log4j12]",1.0
jfree/jfreechart,jfree/jfreesvg,"[org.junit.jupiter:junit-jupiter-api, org.junit.jupiter:junit-jupiter-engine]",1.0
FastFilter/fastfilter_java,thomasmueller/minperf,"[junit:junit, org.openjdk.jmh:jmh-core, org.openjdk.jmh:jmh-generator-annprocess]",0.75
awslabs/multi-model-server,vdurmont/semver4j,"[junit:junit, org.mockito:mockito-all]",1.0
thomasmueller/minperf,uber/h3-java,"[junit:junit, org.openjdk.jmh:jmh-core, org.openjdk.jmh:jmh-generator-annprocess]",0.75
openjdk/jdk17,openjdk/panama-foreign,"[com.sun.hotspot.igv:Bytecodes, com.sun.hotspot.igv:ControlFlow, com.sun.hotspot.igv:Coordinator, com.sun.hotspot.igv:Data, com.sun.hotspot.igv:Difference, com.sun.hotspot.igv:Filter, com.sun.hotspot.igv:FilterWindow, com.sun.hotspot.igv:Graal, com.sun.hotspot.igv:Graph, com.sun.hotspot.igv:HierarchicalLayout, com.sun.hotspot.igv:Layout, com.sun.hotspot.igv:NetworkConnection, com.sun.hotspot.igv:SelectionCoordinator, com.sun.hotspot.igv:ServerCompiler, com.sun.hotspot.igv:Settings, com.sun.hotspot.igv:Util, com.sun.hotspot.igv:View, com.sun.hotspot.igv:branding, junit:junit, net.java.dev.swing-layout:swing-layout, org.netbeans.api:org-netbeans-api-progress, org.netbeans.api:org-netbeans-api-progress-nb, org.netbeans.api:org-netbeans-api-visual, org.netbeans.api:org-netbeans-modules-nbjunit, org.netbeans.api:org-netbeans-modules-options-api, org.netbeans.api:org-netbeans-spi-quicksearch, org.netbeans.api:org-openide-actions, org.netbeans.api:org-openide-awt, org.netbeans.api:org-openide-dialogs, org.netbeans.api:org-openide-explorer, org.netbeans.api:org-openide-filesystems, org.netbeans.api:org-openide-loaders, org.netbeans.api:org-openide-nodes, org.netbeans.api:org-openide-util, org.netbeans.api:org-openide-util-lookup, org.netbeans.api:org-openide-util-ui, org.netbeans.api:org-openide-windows]",0.9
liuyangming/ByteJTA,liuyangming/ByteTCC,"[aopalliance:aopalliance, cglib:cglib, com.alibaba:dubbo, com.fasterxml.jackson.core:jackson-annotations, com.fasterxml.jackson.core:jackson-core, com.fasterxml.jackson.core:jackson-databind, com.squareup.okhttp3:okhttp, commons-io:commons-io, io.netty:netty-buffer, io.netty:netty-codec, io.netty:netty-codec-http, io.netty:netty-common, io.netty:netty-handler, io.netty:netty-transport, io.netty:netty-transport-native-epoll, io.projectreactor:reactor-core, io.reactivex.rxjava2:rxjava, io.reactivex:rxjava-reactive-streams, javax.annotation:javax.annotation-api, javax.inject:javax.inject, javax.jms:javax.jms-api, javax.resource:javax.resource-api, javax.servlet:javax.servlet-api, javax.transaction:javax.transaction-api, org.apache.commons:commons-lang3, org.apache.curator:curator-client, org.apache.curator:curator-framework, org.apache.curator:curator-recipes, org.apache.zookeeper:zookeeper, org.aspectj:aspectjweaver, org.bytesoft:bytejta-core, org.bytesoft:bytejta-supports, org.bytesoft:bytejta-supports-dubbo, org.bytesoft:bytejta-supports-springcloud, org.mongodb:mongo-java-driver, org.ow2.asm:asm, org.reactivestreams:reactive-streams, org.slf4j:slf4j-api, org.springframework.boot:spring-boot, org.springframework.boot:spring-boot-autoconfigure, org.springframework.boot:spring-boot-starter-web, org.springframework.cloud:spring-cloud-commons, org.springframework.cloud:spring-cloud-config-client, org.springframework.cloud:spring-cloud-netflix-core, org.springframework.cloud:spring-cloud-netflix-eureka-client, org.springframework.cloud:spring-cloud-openfeign-core, org.springframework.cloud:spring-cloud-starter-netflix-eureka-server, org.springframework.cloud:spring-cloud-starter-netflix-hystrix, org.springframework.cloud:spring-cloud-starter-netflix-ribbon, org.springframework.cloud:spring-cloud-starter-openfeign, org.springframework.cloud:spring-cloud-zookeeper-core, org.springframework.retry:spring-retry, org.springframework:spring-aop, org.springframework:spring-context, org.springframework:spring-jdbc, org.springframework:spring-tx, org.springframework:spring-webmvc]",0.77
SAP/SapMachine,openjdk/valhalla,"[com.sun.hotspot.igv:Bytecodes, com.sun.hotspot.igv:ControlFlow, com.sun.hotspot.igv:Coordinator, com.sun.hotspot.igv:Data, com.sun.hotspot.igv:Difference, com.sun.hotspot.igv:Filter, com.sun.hotspot.igv:FilterWindow, com.sun.hotspot.igv:Graal, com.sun.hotspot.igv:Graph, com.sun.hotspot.igv:HierarchicalLayout, com.sun.hotspot.igv:Layout, com.sun.hotspot.igv:NetworkConnection, com.sun.hotspot.igv:SelectionCoordinator, com.sun.hotspot.igv:ServerCompiler, com.sun.hotspot.igv:Settings, com.sun.hotspot.igv:Util, com.sun.hotspot.igv:View, com.sun.hotspot.igv:branding, junit:junit, net.java.dev.swing-layout:swing-layout, org.netbeans.api:org-netbeans-api-progress, org.netbeans.api:org-netbeans-api-progress-nb, org.netbeans.api:org-netbeans-api-visual, org.netbeans.api:org-netbeans-modules-nbjunit, org.netbeans.api:org-netbeans-modules-options-api, org.netbeans.api:org-netbeans-spi-quicksearch, org.netbeans.api:org-openide-actions, org.netbeans.api:org-openide-awt, org.netbeans.api:org-openide-dialogs, org.netbeans.api:org-openide-explorer, org.netbeans.api:org-openide-filesystems, org.netbeans.api:org-openide-loaders, org.netbeans.api:org-openide-nodes, org.netbeans.api:org-openide-util, org.netbeans.api:org-openide-util-lookup, org.netbeans.api:org-openide-util-ui, org.netbeans.api:org-openide-windows]",0.9
openjdk/jdk,openjdk/mobile,"[com.github.librepdf:openpdf, com.sun.hotspot.igv:Bytecodes, com.sun.hotspot.igv:ControlFlow, com.sun.hotspot.igv:Coordinator, com.sun.hotspot.igv:Data, com.sun.hotspot.igv:Difference, com.sun.hotspot.igv:Filter, com.sun.hotspot.igv:FilterWindow, com.sun.hotspot.igv:Graal, com.sun.hotspot.igv:Graph, com.sun.hotspot.igv:HierarchicalLayout, com.sun.hotspot.igv:Layout, com.sun.hotspot.igv:NetworkConnection, com.sun.hotspot.igv:SelectionCoordinator, com.sun.hotspot.igv:ServerCompiler, com.sun.hotspot.igv:Settings, com.sun.hotspot.igv:Util, com.sun.hotspot.igv:View, com.sun.hotspot.igv:branding, junit:junit, net.java.dev.swing-layout:swing-layout, org.apache.xmlgraphics:batik-dom, org.apache.xmlgraphics:batik-svggen, org.netbeans.api:org-netbeans-api-progress, org.netbeans.api:org-netbeans-api-progress-nb, org.netbeans.api:org-netbeans-api-visual, org.netbeans.api:org-netbeans-modules-nbjunit, org.netbeans.api:org-netbeans-modules-options-api, org.netbeans.api:org-netbeans-spi-quicksearch, org.netbeans.api:org-openide-actions, org.netbeans.api:org-openide-awt, org.netbeans.api:org-openide-dialogs, org.netbeans.api:org-openide-explorer, org.netbeans.api:org-openide-filesystems, org.netbeans.api:org-openide-loaders, org.netbeans.api:org-openide-nodes, org.netbeans.api:org-openide-util, org.netbeans.api:org-openide-util-lookup, org.netbeans.api:org-openide-util-ui, org.netbeans.api:org-openide-windows]",1.0
arteam/100-Java-Concurrency-questions,uber/h3-java,"[junit:junit, org.openjdk.jmh:jmh-core, org.openjdk.jmh:jmh-generator-annprocess]",0.75
stefan-zobel/streamsupport,streamsupport/streamsupport,"[junit:junit, net.sourceforge.streamsupport:streamsupport, net.sourceforge.streamsupport:streamsupport-atomic, net.sourceforge.streamsupport:streamsupport-cfuture, net.sourceforge.streamsupport:streamsupport-flow, org.testng:testng]",0.86
openjdk/loom,openjdk/valhalla,"[com.sun.hotspot.igv:Bytecodes, com.sun.hotspot.igv:ControlFlow, com.sun.hotspot.igv:Coordinator, com.sun.hotspot.igv:Data, com.sun.hotspot.igv:Difference, com.sun.hotspot.igv:Filter, com.sun.hotspot.igv:FilterWindow, com.sun.hotspot.igv:Graal, com.sun.hotspot.igv:Graph, com.sun.hotspot.igv:HierarchicalLayout, com.sun.hotspot.igv:Layout, com.sun.hotspot.igv:NetworkConnection, com.sun.hotspot.igv:SelectionCoordinator, com.sun.hotspot.igv:ServerCompiler, com.sun.hotspot.igv:Settings, com.sun.hotspot.igv:Util, com.sun.hotspot.igv:View, com.sun.hotspot.igv:branding, junit:junit, net.java.dev.swing-layout:swing-layout, org.netbeans.api:org-netbeans-api-progress, org.netbeans.api:org-netbeans-api-progress-nb, org.netbeans.api:org-netbeans-api-visual, org.netbeans.api:org-netbeans-modules-nbjunit, org.netbeans.api:org-netbeans-modules-options-api, org.netbeans.api:org-netbeans-spi-quicksearch, org.netbeans.api:org-openide-actions, org.netbeans.api:org-openide-awt, org.netbeans.api:org-openide-dialogs, org.netbeans.api:org-openide-explorer, org.netbeans.api:org-openide-filesystems, org.netbeans.api:org-openide-loaders, org.netbeans.api:org-openide-nodes, org.netbeans.api:org-openide-util, org.netbeans.api:org-openide-util-lookup, org.netbeans.api:org-openide-util-ui, org.netbeans.api:org-openide-windows]",0.86
JMCuixy/swagger2word,cheese10yun/spring-guide,"[io.springfox:springfox-swagger-ui, io.springfox:springfox-swagger2]",1.0
JMCuixy/swagger2word,karcan/javaBootcamp,"[io.springfox:springfox-swagger-ui, io.springfox:springfox-swagger2]",1.0
AdoptOpenJDK/openjdk-jdk,openjdk/loom,"[com.sun.hotspot.igv:Bytecodes, com.sun.hotspot.igv:ControlFlow, com.sun.hotspot.igv:Coordinator, com.sun.hotspot.igv:Data, com.sun.hotspot.igv:Difference, com.sun.hotspot.igv:Filter, com.sun.hotspot.igv:FilterWindow, com.sun.hotspot.igv:Graal, com.sun.hotspot.igv:Graph, com.sun.hotspot.igv:HierarchicalLayout, com.sun.hotspot.igv:Layout, com.sun.hotspot.igv:NetworkConnection, com.sun.hotspot.igv:SelectionCoordinator, com.sun.hotspot.igv:ServerCompiler, com.sun.hotspot.igv:Settings, com.sun.hotspot.igv:Util, com.sun.hotspot.igv:View, com.sun.hotspot.igv:branding, junit:junit, net.java.dev.swing-layout:swing-layout, org.netbeans.api:org-netbeans-api-progress, org.netbeans.api:org-netbeans-api-progress-nb, org.netbeans.api:org-netbeans-api-visual, org.netbeans.api:org-netbeans-modules-nbjunit, org.netbeans.api:org-netbeans-modules-options-api, org.netbeans.api:org-netbeans-spi-quicksearch, org.netbeans.api:org-openide-actions, org.netbeans.api:org-openide-awt, org.netbeans.api:org-openide-dialogs, org.netbeans.api:org-openide-explorer, org.netbeans.api:org-openide-filesystems, org.netbeans.api:org-openide-loaders, org.netbeans.api:org-openide-nodes, org.netbeans.api:org-openide-util, org.netbeans.api:org-openide-util-lookup, org.netbeans.api:org-openide-util-ui, org.netbeans.api:org-openide-windows]",0.86
AdoptOpenJDK/openjdk-jdk,openjdk/mobile,"[com.sun.hotspot.igv:Bytecodes, com.sun.hotspot.igv:ControlFlow, com.sun.hotspot.igv:Coordinator, com.sun.hotspot.igv:Data, com.sun.hotspot.igv:Difference, com.sun.hotspot.igv:Filter, com.sun.hotspot.igv:FilterWindow, com.sun.hotspot.igv:Graal, com.sun.hotspot.igv:Graph, com.sun.hotspot.igv:HierarchicalLayout, com.sun.hotspot.igv:Layout, com.sun.hotspot.igv:NetworkConnection, com.sun.hotspot.igv:SelectionCoordinator, com.sun.hotspot.igv:ServerCompiler, com.sun.hotspot.igv:Settings, com.sun.hotspot.igv:Util, com.sun.hotspot.igv:View, com.sun.hotspot.igv:branding, junit:junit, net.java.dev.swing-layout:swing-layout, org.netbeans.api:org-netbeans-api-progress, org.netbeans.api:org-netbeans-api-progress-nb, org.netbeans.api:org-netbeans-api-visual, org.netbeans.api:org-netbeans-modules-nbjunit, org.netbeans.api:org-netbeans-modules-options-api, org.netbeans.api:org-netbeans-spi-quicksearch, org.netbeans.api:org-openide-actions, org.netbeans.api:org-openide-awt, org.netbeans.api:org-openide-dialogs, org.netbeans.api:org-openide-explorer, org.netbeans.api:org-openide-filesystems, org.netbeans.api:org-openide-loaders, org.netbeans.api:org-openide-nodes, org.netbeans.api:org-openide-util, org.netbeans.api:org-openide-util-lookup, org.netbeans.api:org-openide-util-ui, org.netbeans.api:org-openide-windows]",0.9
fordfrog/apgdiff,shekhargulati/99-problems,"[junit:junit, org.hamcrest:hamcrest-all]",1.0
graalvm/simplelanguage,mr-hashemi/mr-hashemi,"[junit:junit, org.antlr:antlr4-runtime, org.graalvm.sdk:graal-sdk, org.graalvm.truffle:truffle-api, org.graalvm.truffle:truffle-dsl-processor, org.graalvm.truffle:truffle-tck]",0.86
Bukkit/Bukkit,SpigotMC/Spigot-API,"[com.google.guava:guava, com.googlecode.json-simple:json-simple, commons-lang:commons-lang, junit:junit, org.avaje:ebean, org.hamcrest:hamcrest-library, org.yaml:snakeyaml]",1.0
socketio/engine.io-client-java,upyun/java-sdk,"[com.squareup.okhttp3:okhttp, junit:junit, org.json:json]",0.75
openjdk/jdk17,openjdk/valhalla,"[com.sun.hotspot.igv:BatikSVGProxy, com.sun.hotspot.igv:Bytecodes, com.sun.hotspot.igv:ControlFlow, com.sun.hotspot.igv:Coordinator, com.sun.hotspot.igv:Data, com.sun.hotspot.igv:Difference, com.sun.hotspot.igv:Filter, com.sun.hotspot.igv:FilterWindow, com.sun.hotspot.igv:Graal, com.sun.hotspot.igv:Graph, com.sun.hotspot.igv:HierarchicalLayout, com.sun.hotspot.igv:Layout, com.sun.hotspot.igv:NetworkConnection, com.sun.hotspot.igv:SelectionCoordinator, com.sun.hotspot.igv:ServerCompiler, com.sun.hotspot.igv:Settings, com.sun.hotspot.igv:Util, com.sun.hotspot.igv:View, com.sun.hotspot.igv:branding, junit:junit, net.java.dev.swing-layout:swing-layout, org.netbeans.api:org-netbeans-api-progress, org.netbeans.api:org-netbeans-api-progress-nb, org.netbeans.api:org-netbeans-api-visual, org.netbeans.api:org-netbeans-modules-nbjunit, org.netbeans.api:org-netbeans-modules-options-api, org.netbeans.api:org-netbeans-spi-quicksearch, org.netbeans.api:org-openide-actions, org.netbeans.api:org-openide-awt, org.netbeans.api:org-openide-dialogs, org.netbeans.api:org-openide-explorer, org.netbeans.api:org-openide-filesystems, org.netbeans.api:org-openide-loaders, org.netbeans.api:org-openide-nodes, org.netbeans.api:org-openide-util, org.netbeans.api:org-openide-util-lookup, org.netbeans.api:org-openide-util-ui, org.netbeans.api:org-openide-windows]",1.0
openjdk/jdk,openjdk/panama-foreign,"[com.github.librepdf:openpdf, com.sun.hotspot.igv:Bytecodes, com.sun.hotspot.igv:ControlFlow, com.sun.hotspot.igv:Coordinator, com.sun.hotspot.igv:Data, com.sun.hotspot.igv:Difference, com.sun.hotspot.igv:Filter, com.sun.hotspot.igv:FilterWindow, com.sun.hotspot.igv:Graal, com.sun.hotspot.igv:Graph, com.sun.hotspot.igv:HierarchicalLayout, com.sun.hotspot.igv:Layout, com.sun.hotspot.igv:NetworkConnection, com.sun.hotspot.igv:SelectionCoordinator, com.sun.hotspot.igv:ServerCompiler, com.sun.hotspot.igv:Settings, com.sun.hotspot.igv:Util, com.sun.hotspot.igv:View, com.sun.hotspot.igv:branding, junit:junit, net.java.dev.swing-layout:swing-layout, org.apache.xmlgraphics:batik-dom, org.apache.xmlgraphics:batik-svggen, org.netbeans.api:org-netbeans-api-progress, org.netbeans.api:org-netbeans-api-progress-nb, org.netbeans.api:org-netbeans-api-visual, org.netbeans.api:org-netbeans-modules-nbjunit, org.netbeans.api:org-netbeans-modules-options-api, org.netbeans.api:org-netbeans-spi-quicksearch, org.netbeans.api:org-openide-actions, org.netbeans.api:org-openide-awt, org.netbeans.api:org-openide-dialogs, org.netbeans.api:org-openide-explorer, org.netbeans.api:org-openide-filesystems, org.netbeans.api:org-openide-loaders, org.netbeans.api:org-openide-nodes, org.netbeans.api:org-openide-util, org.netbeans.api:org-openide-util-lookup, org.netbeans.api:org-openide-util-ui, org.netbeans.api:org-openide-windows]",1.0
WeiYe-Jing/datax-web,wxgzgl/LarkMidTable,"[ch.qos.logback:logback-classic, cn.hutool:hutool-all, com.alibaba:fastjson, com.baomidou:mybatis-plus, com.baomidou:mybatis-plus-boot-starter, com.caucho:hessian, com.github.oshi:oshi-core, com.github.xiaoymin:swagger-bootstrap-ui, com.google.guava:guava, com.microsoft.sqlserver:sqljdbc4, com.oracle:ojdbc6, io.jsonwebtoken:jjwt, io.netty:netty-all, io.springfox:springfox-swagger2, io.swagger:swagger-models, junit:junit, mysql:mysql-connector-java, net.java.dev.jna:jna, org.apache.commons:commons-lang3, org.apache.hadoop:hadoop-common, org.apache.hadoop:hadoop-hdfs, org.apache.hbase:hbase-client, org.apache.hive:hive-jdbc, org.apache.phoenix:phoenix-core, org.codehaus.groovy:groovy, org.mongodb:mongo-java-driver, org.postgresql:postgresql, org.slf4j:slf4j-api, org.slf4j:slf4j-log4j12, org.springframework.cloud:spring-cloud-context, org.springframework:spring-beans, org.springframework:spring-context, org.springframework:spring-core, ru.yandex.clickhouse:clickhouse-jdbc]",0.81
ProgrammerAnthony/SentinelC,alibaba/Sentinel,"[ai.grakn:redis-mock, ch.qos.logback:logback-classic, ch.qos.logback:logback-core, com.alibaba.csp:sentinel-adapter, com.alibaba.csp:sentinel-annotation-aspectj, com.alibaba.csp:sentinel-annotation-cdi-interceptor, com.alibaba.csp:sentinel-annotation-quarkus-adapter, com.alibaba.csp:sentinel-apache-dubbo-adapter, com.alibaba.csp:sentinel-apache-httpclient-adapter, com.alibaba.csp:sentinel-api-gateway-adapter-common, com.alibaba.csp:sentinel-cluster-client-default, com.alibaba.csp:sentinel-cluster-common-default, com.alibaba.csp:sentinel-cluster-server-default, com.alibaba.csp:sentinel-core, com.alibaba.csp:sentinel-datasource-apollo, com.alibaba.csp:sentinel-datasource-etcd, com.alibaba.csp:sentinel-datasource-extension, com.alibaba.csp:sentinel-datasource-nacos, com.alibaba.csp:sentinel-datasource-zookeeper, com.alibaba.csp:sentinel-dubbo-adapter, com.alibaba.csp:sentinel-extension, com.alibaba.csp:sentinel-jax-rs-adapter, com.alibaba.csp:sentinel-jax-rs-quarkus-adapter, com.alibaba.csp:sentinel-logging-slf4j, com.alibaba.csp:sentinel-metric-exporter, com.alibaba.csp:sentinel-motan-adapter, com.alibaba.csp:sentinel-native-image-quarkus-adapter, com.alibaba.csp:sentinel-okhttp-adapter, com.alibaba.csp:sentinel-parameter-flow-control, com.alibaba.csp:sentinel-reactor-adapter, com.alibaba.csp:sentinel-sofa-rpc-adapter, com.alibaba.csp:sentinel-spring-cloud-gateway-adapter, com.alibaba.csp:sentinel-spring-webflux-adapter, com.alibaba.csp:sentinel-spring-webmvc-adapter, com.alibaba.csp:sentinel-transport-common, com.alibaba.csp:sentinel-transport-netty-http, com.alibaba.csp:sentinel-transport-simple-http, com.alibaba.csp:sentinel-transport-spring-mvc, com.alibaba.csp:sentinel-web-servlet, com.alibaba.csp:sentinel-zuul-adapter, com.alibaba.csp:sentinel-zuul2-adapter, com.alibaba.nacos:nacos-client, com.alibaba.spring:spring-context-support, com.alibaba:dubbo, com.alibaba:fastjson, com.alipay.sofa:sofa-rpc-all, com.ctrip.framework.apollo:apollo-client, com.ctrip.framework.apollo:apollo-openapi, com.ecwid.consul:consul-api, com.fasterxml.jackson.core:jackson-databind, com.github.stefanbirkner:system-rules, com.google.protobuf:protobuf-java, com.googlecode.concurrentlinkedhashmap:concurrentlinkedhashmap-lru, com.netflix.zuul:zuul-core, com.pszymczyk.consul:embedded-consul, com.squareup.okhttp3:okhttp, com.weibo:motan-core, com.weibo:motan-transport-netty4, commons-lang:commons-lang, io.etcd:jetcd-core, io.grpc:grpc-netty, io.grpc:grpc-protobuf, io.grpc:grpc-stub, io.lettuce:lettuce-core, io.netty:netty-all, io.netty:netty-handler, io.projectreactor:reactor-core, io.projectreactor:reactor-test, io.rest-assured:rest-assured, jakarta.enterprise:jakarta.enterprise.cdi-api, jakarta.interceptor:jakarta.interceptor-api, javax.servlet:javax.servlet-api, javax.ws.rs:javax.ws.rs-api, junit:junit, log4j:log4j, org.apache.curator:curator-recipes, org.apache.curator:curator-test, org.apache.dubbo:dubbo, org.apache.httpcomponents:httpasyncclient, org.apache.httpcomponents:httpclient, org.apache.httpcomponents:httpcore, org.apache.httpcomponents:httpcore-nio, org.apache.logging.log4j:log4j-api, org.apache.logging.log4j:log4j-core, org.apache.logging.log4j:log4j-slf4j-impl, org.apache.rocketmq:rocketmq-client, org.apache.zookeeper:zookeeper, org.aspectj:aspectjweaver, org.assertj:assertj-core, org.awaitility:awaitility, org.codehaus.groovy:groovy-xml, org.hamcrest:java-hamcrest, org.jboss.resteasy:resteasy-spring-boot-starter, org.jboss.weld.se:weld-se-shaded, org.mockito:mockito-core, org.openjdk.jmh:jmh-core, org.openjdk.jmh:jmh-generator-annprocess, org.powermock:powermock-api-mockito2, org.powermock:powermock-module-junit4, org.slf4j:slf4j-api, org.slf4j:slf4j-log4j12, org.springframework.boot:spring-boot-starter-aop, org.springframework.boot:spring-boot-starter-data-redis-reactive, org.springframework.boot:spring-boot-starter-logging, org.springframework.boot:spring-boot-starter-test, org.springframework.boot:spring-boot-starter-web, org.springframework.boot:spring-boot-starter-webflux, org.springframework.boot:spring-boot-test, org.springframework.cloud:spring-cloud-config-server, org.springframework.cloud:spring-cloud-gateway-core, org.springframework.cloud:spring-cloud-starter-config, org.springframework.cloud:spring-cloud-starter-gateway, org.springframework.cloud:spring-cloud-starter-netflix-eureka-server, org.springframework.cloud:spring-cloud-starter-netflix-zuul, org.springframework.retry:spring-retry, org.springframework:spring-aop, org.springframework:spring-context, org.springframework:spring-context-support, org.springframework:spring-core, org.springframework:spring-expression, org.springframework:spring-test, org.springframework:spring-webflux, org.springframework:spring-webmvc, org.yaml:snakeyaml, uk.org.lidalia:slf4j-test]",1.0
openjdk/loom,openjdk/panama-foreign,"[com.github.librepdf:openpdf, com.sun.hotspot.igv:Bytecodes, com.sun.hotspot.igv:ControlFlow, com.sun.hotspot.igv:Coordinator, com.sun.hotspot.igv:Data, com.sun.hotspot.igv:Difference, com.sun.hotspot.igv:Filter, com.sun.hotspot.igv:FilterWindow, com.sun.hotspot.igv:Graal, com.sun.hotspot.igv:Graph, com.sun.hotspot.igv:HierarchicalLayout, com.sun.hotspot.igv:Layout, com.sun.hotspot.igv:NetworkConnection, com.sun.hotspot.igv:SelectionCoordinator, com.sun.hotspot.igv:ServerCompiler, com.sun.hotspot.igv:Settings, com.sun.hotspot.igv:Util, com.sun.hotspot.igv:View, com.sun.hotspot.igv:branding, junit:junit, net.java.dev.swing-layout:swing-layout, org.apache.xmlgraphics:batik-dom, org.apache.xmlgraphics:batik-svggen, org.netbeans.api:org-netbeans-api-progress, org.netbeans.api:org-netbeans-api-progress-nb, org.netbeans.api:org-netbeans-api-visual, org.netbeans.api:org-netbeans-modules-nbjunit, org.netbeans.api:org-netbeans-modules-options-api, org.netbeans.api:org-netbeans-spi-quicksearch, org.netbeans.api:org-openide-actions, org.netbeans.api:org-openide-awt, org.netbeans.api:org-openide-dialogs, org.netbeans.api:org-openide-explorer, org.netbeans.api:org-openide-filesystems, org.netbeans.api:org-openide-loaders, org.netbeans.api:org-openide-nodes, org.netbeans.api:org-openide-util, org.netbeans.api:org-openide-util-lookup, org.netbeans.api:org-openide-util-ui, org.netbeans.api:org-openide-windows]",0.95
ProgrammerAnthony/RocketMQC,apache/rocketmq,"[ch.qos.logback:logback-classic, com.alibaba:fastjson, com.google.guava:guava, com.google.truth:truth, commons-cli:commons-cli, commons-codec:commons-codec, commons-validator:commons-validator, io.netty:netty-all, io.openmessaging.storage:dledger, io.openmessaging:openmessaging-api, junit:junit, log4j:log4j, net.java.dev.jna:jna, org.apache.commons:commons-lang3, org.apache.logging.log4j:log4j-core, org.apache.logging.log4j:log4j-slf4j-impl, org.apache.rocketmq:rocketmq-acl, org.apache.rocketmq:rocketmq-broker, org.apache.rocketmq:rocketmq-client, org.apache.rocketmq:rocketmq-common, org.apache.rocketmq:rocketmq-example, org.apache.rocketmq:rocketmq-filter, org.apache.rocketmq:rocketmq-logging, org.apache.rocketmq:rocketmq-namesrv, org.apache.rocketmq:rocketmq-openmessaging, org.apache.rocketmq:rocketmq-remoting, org.apache.rocketmq:rocketmq-srvutil, org.apache.rocketmq:rocketmq-store, org.apache.rocketmq:rocketmq-test, org.apache.rocketmq:rocketmq-tools, org.assertj:assertj-core, org.javassist:javassist, org.mockito:mockito-core, org.slf4j:slf4j-api, org.yaml:snakeyaml]",0.81
openjdk/jdk17,openjdk/mobile,"[com.sun.hotspot.igv:Bytecodes, com.sun.hotspot.igv:ControlFlow, com.sun.hotspot.igv:Coordinator, com.sun.hotspot.igv:Data, com.sun.hotspot.igv:Difference, com.sun.hotspot.igv:Filter, com.sun.hotspot.igv:FilterWindow, com.sun.hotspot.igv:Graal, com.sun.hotspot.igv:Graph, com.sun.hotspot.igv:HierarchicalLayout, com.sun.hotspot.igv:Layout, com.sun.hotspot.igv:NetworkConnection, com.sun.hotspot.igv:SelectionCoordinator, com.sun.hotspot.igv:ServerCompiler, com.sun.hotspot.igv:Settings, com.sun.hotspot.igv:Util, com.sun.hotspot.igv:View, com.sun.hotspot.igv:branding, junit:junit, net.java.dev.swing-layout:swing-layout, org.netbeans.api:org-netbeans-api-progress, org.netbeans.api:org-netbeans-api-progress-nb, org.netbeans.api:org-netbeans-api-visual, org.netbeans.api:org-netbeans-modules-nbjunit, org.netbeans.api:org-netbeans-modules-options-api, org.netbeans.api:org-netbeans-spi-quicksearch, org.netbeans.api:org-openide-actions, org.netbeans.api:org-openide-awt, org.netbeans.api:org-openide-dialogs, org.netbeans.api:org-openide-explorer, org.netbeans.api:org-openide-filesystems, org.netbeans.api:org-openide-loaders, org.netbeans.api:org-openide-nodes, org.netbeans.api:org-openide-util, org.netbeans.api:org-openide-util-lookup, org.netbeans.api:org-openide-util-ui, org.netbeans.api:org-openide-windows]",0.9
AlmasB/FXTutorials,jjenkov/javafx-examples,"[org.openjfx:javafx-controls, org.openjfx:javafx-fxml, org.openjfx:javafx-graphics, org.openjfx:javafx-media, org.openjfx:javafx-swing]",0.71
eclipsesource/J2V8,stateless4j/stateless4j,"[junit:junit, org.mockito:mockito-core]",1.0
DarLiner/vjtools,vipshop/vjtools,"[ch.qos.logback:logback-classic, com.google.code.gson:gson, com.google.guava:guava, com.sun:sa-jdi, com.sun:tools, com.vip.vjtools:vjkit, junit:junit, net.sf.dozer:dozer, net.sf.jopt-simple:jopt-simple, org.apache.commons:commons-lang3, org.assertj:assertj-core, org.mockito:mockito-core, org.slf4j:slf4j-api, org.sonarsource.java:java-frontend, org.sonarsource.sonarqube:sonar-plugin-api, org.sonarsource.sslr-squid-bridge:sslr-squid-bridge, org.sonarsource.sslr:sslr-testing-harness]",0.77
openjdk/mobile,openjdk/panama-foreign,"[com.github.librepdf:openpdf, com.sun.hotspot.igv:Bytecodes, com.sun.hotspot.igv:ControlFlow, com.sun.hotspot.igv:Coordinator, com.sun.hotspot.igv:Data, com.sun.hotspot.igv:Difference, com.sun.hotspot.igv:Filter, com.sun.hotspot.igv:FilterWindow, com.sun.hotspot.igv:Graal, com.sun.hotspot.igv:Graph, com.sun.hotspot.igv:HierarchicalLayout, com.sun.hotspot.igv:Layout, com.sun.hotspot.igv:NetworkConnection, com.sun.hotspot.igv:SelectionCoordinator, com.sun.hotspot.igv:ServerCompiler, com.sun.hotspot.igv:Settings, com.sun.hotspot.igv:Util, com.sun.hotspot.igv:View, com.sun.hotspot.igv:branding, junit:junit, net.java.dev.swing-layout:swing-layout, org.apache.xmlgraphics:batik-dom, org.apache.xmlgraphics:batik-svggen, org.netbeans.api:org-netbeans-api-progress, org.netbeans.api:org-netbeans-api-progress-nb, org.netbeans.api:org-netbeans-api-visual, org.netbeans.api:org-netbeans-modules-nbjunit, org.netbeans.api:org-netbeans-modules-options-api, org.netbeans.api:org-netbeans-spi-quicksearch, org.netbeans.api:org-openide-actions, org.netbeans.api:org-openide-awt, org.netbeans.api:org-openide-dialogs, org.netbeans.api:org-openide-explorer, org.netbeans.api:org-openide-filesystems, org.netbeans.api:org-openide-loaders, org.netbeans.api:org-openide-nodes, org.netbeans.api:org-openide-util, org.netbeans.api:org-openide-util-lookup, org.netbeans.api:org-openide-util-ui, org.netbeans.api:org-openide-windows]",1.0
openjdk/panama-foreign,openjdk/valhalla,"[com.sun.hotspot.igv:Bytecodes, com.sun.hotspot.igv:ControlFlow, com.sun.hotspot.igv:Coordinator, com.sun.hotspot.igv:Data, com.sun.hotspot.igv:Difference, com.sun.hotspot.igv:Filter, com.sun.hotspot.igv:FilterWindow, com.sun.hotspot.igv:Graal, com.sun.hotspot.igv:Graph, com.sun.hotspot.igv:HierarchicalLayout, com.sun.hotspot.igv:Layout, com.sun.hotspot.igv:NetworkConnection, com.sun.hotspot.igv:SelectionCoordinator, com.sun.hotspot.igv:ServerCompiler, com.sun.hotspot.igv:Settings, com.sun.hotspot.igv:Util, com.sun.hotspot.igv:View, com.sun.hotspot.igv:branding, junit:junit, net.java.dev.swing-layout:swing-layout, org.netbeans.api:org-netbeans-api-progress, org.netbeans.api:org-netbeans-api-progress-nb, org.netbeans.api:org-netbeans-api-visual, org.netbeans.api:org-netbeans-modules-nbjunit, org.netbeans.api:org-netbeans-modules-options-api, org.netbeans.api:org-netbeans-spi-quicksearch, org.netbeans.api:org-openide-actions, org.netbeans.api:org-openide-awt, org.netbeans.api:org-openide-dialogs, org.netbeans.api:org-openide-explorer, org.netbeans.api:org-openide-filesystems, org.netbeans.api:org-openide-loaders, org.netbeans.api:org-openide-nodes, org.netbeans.api:org-openide-util, org.netbeans.api:org-openide-util-lookup, org.netbeans.api:org-openide-util-ui, org.netbeans.api:org-openide-windows]",0.9
openjdk/amber,openjdk/loom,"[com.github.librepdf:openpdf, com.sun.hotspot.igv:Bytecodes, com.sun.hotspot.igv:ControlFlow, com.sun.hotspot.igv:Coordinator, com.sun.hotspot.igv:Data, com.sun.hotspot.igv:Difference, com.sun.hotspot.igv:Filter, com.sun.hotspot.igv:FilterWindow, com.sun.hotspot.igv:Graal, com.sun.hotspot.igv:Graph, com.sun.hotspot.igv:HierarchicalLayout, com.sun.hotspot.igv:Layout, com.sun.hotspot.igv:NetworkConnection, com.sun.hotspot.igv:SelectionCoordinator, com.sun.hotspot.igv:ServerCompiler, com.sun.hotspot.igv:Settings, com.sun.hotspot.igv:Util, com.sun.hotspot.igv:View, com.sun.hotspot.igv:branding, junit:junit, net.java.dev.swing-layout:swing-layout, org.apache.xmlgraphics:batik-dom, org.apache.xmlgraphics:batik-svggen, org.netbeans.api:org-netbeans-api-progress, org.netbeans.api:org-netbeans-api-progress-nb, org.netbeans.api:org-netbeans-api-visual, org.netbeans.api:org-netbeans-modules-nbjunit, org.netbeans.api:org-netbeans-modules-options-api, org.netbeans.api:org-netbeans-spi-quicksearch, org.netbeans.api:org-openide-actions, org.netbeans.api:org-openide-awt, org.netbeans.api:org-openide-dialogs, org.netbeans.api:org-openide-explorer, org.netbeans.api:org-openide-filesystems, org.netbeans.api:org-openide-loaders, org.netbeans.api:org-openide-nodes, org.netbeans.api:org-openide-util, org.netbeans.api:org-openide-util-lookup, org.netbeans.api:org-openide-util-ui, org.netbeans.api:org-openide-windows]",0.95
SAP/SapMachine,openjdk/mobile,"[com.github.librepdf:openpdf, com.sun.hotspot.igv:Bytecodes, com.sun.hotspot.igv:ControlFlow, com.sun.hotspot.igv:Coordinator, com.sun.hotspot.igv:Data, com.sun.hotspot.igv:Difference, com.sun.hotspot.igv:Filter, com.sun.hotspot.igv:FilterWindow, com.sun.hotspot.igv:Graal, com.sun.hotspot.igv:Graph, com.sun.hotspot.igv:HierarchicalLayout, com.sun.hotspot.igv:Layout, com.sun.hotspot.igv:NetworkConnection, com.sun.hotspot.igv:SelectionCoordinator, com.sun.hotspot.igv:ServerCompiler, com.sun.hotspot.igv:Settings, com.sun.hotspot.igv:Util, com.sun.hotspot.igv:View, com.sun.hotspot.igv:branding, junit:junit, net.java.dev.swing-layout:swing-layout, org.apache.xmlgraphics:batik-dom, org.apache.xmlgraphics:batik-svggen, org.netbeans.api:org-netbeans-api-progress, org.netbeans.api:org-netbeans-api-progress-nb, org.netbeans.api:org-netbeans-api-visual, org.netbeans.api:org-netbeans-modules-nbjunit, org.netbeans.api:org-netbeans-modules-options-api, org.netbeans.api:org-netbeans-spi-quicksearch, org.netbeans.api:org-openide-actions, org.netbeans.api:org-openide-awt, org.netbeans.api:org-openide-dialogs, org.netbeans.api:org-openide-explorer, org.netbeans.api:org-openide-filesystems, org.netbeans.api:org-openide-loaders, org.netbeans.api:org-openide-nodes, org.netbeans.api:org-openide-util, org.netbeans.api:org-openide-util-lookup, org.netbeans.api:org-openide-util-ui, org.netbeans.api:org-openide-windows]",1.0
apache/commons-codec,huaban/jieba-analysis,"[junit:junit, org.apache.commons:commons-lang3]",1.0
AdoptOpenJDK/openjdk-jdk,openjdk/jdk17,"[com.sun.hotspot.igv:BatikSVGProxy, com.sun.hotspot.igv:Bytecodes, com.sun.hotspot.igv:ControlFlow, com.sun.hotspot.igv:Coordinator, com.sun.hotspot.igv:Data, com.sun.hotspot.igv:Difference, com.sun.hotspot.igv:Filter, com.sun.hotspot.igv:FilterWindow, com.sun.hotspot.igv:Graal, com.sun.hotspot.igv:Graph, com.sun.hotspot.igv:HierarchicalLayout, com.sun.hotspot.igv:Layout, com.sun.hotspot.igv:NetworkConnection, com.sun.hotspot.igv:SelectionCoordinator, com.sun.hotspot.igv:ServerCompiler, com.sun.hotspot.igv:Settings, com.sun.hotspot.igv:Util, com.sun.hotspot.igv:View, com.sun.hotspot.igv:branding, junit:junit, net.java.dev.swing-layout:swing-layout, org.netbeans.api:org-netbeans-api-progress, org.netbeans.api:org-netbeans-api-progress-nb, org.netbeans.api:org-netbeans-api-visual, org.netbeans.api:org-netbeans-modules-nbjunit, org.netbeans.api:org-netbeans-modules-options-api, org.netbeans.api:org-netbeans-spi-quicksearch, org.netbeans.api:org-openide-actions, org.netbeans.api:org-openide-awt, org.netbeans.api:org-openide-dialogs, org.netbeans.api:org-openide-explorer, org.netbeans.api:org-openide-filesystems, org.netbeans.api:org-openide-loaders, org.netbeans.api:org-openide-nodes, org.netbeans.api:org-openide-util, org.netbeans.api:org-openide-util-lookup, org.netbeans.api:org-openide-util-ui, org.netbeans.api:org-openide-windows]",1.0
openjdk/jdk,openjdk/valhalla,"[com.sun.hotspot.igv:Bytecodes, com.sun.hotspot.igv:ControlFlow, com.sun.hotspot.igv:Coordinator, com.sun.hotspot.igv:Data, com.sun.hotspot.igv:Difference, com.sun.hotspot.igv:Filter, com.sun.hotspot.igv:FilterWindow, com.sun.hotspot.igv:Graal, com.sun.hotspot.igv:Graph, com.sun.hotspot.igv:HierarchicalLayout, com.sun.hotspot.igv:Layout, com.sun.hotspot.igv:NetworkConnection, com.sun.hotspot.igv:SelectionCoordinator, com.sun.hotspot.igv:ServerCompiler, com.sun.hotspot.igv:Settings, com.sun.hotspot.igv:Util, com.sun.hotspot.igv:View, com.sun.hotspot.igv:branding, junit:junit, net.java.dev.swing-layout:swing-layout, org.netbeans.api:org-netbeans-api-progress, org.netbeans.api:org-netbeans-api-progress-nb, org.netbeans.api:org-netbeans-api-visual, org.netbeans.api:org-netbeans-modules-nbjunit, org.netbeans.api:org-netbeans-modules-options-api, org.netbeans.api:org-netbeans-spi-quicksearch, org.netbeans.api:org-openide-actions, org.netbeans.api:org-openide-awt, org.netbeans.api:org-openide-dialogs, org.netbeans.api:org-openide-explorer, org.netbeans.api:org-openide-filesystems, org.netbeans.api:org-openide-loaders, org.netbeans.api:org-openide-nodes, org.netbeans.api:org-openide-util, org.netbeans.api:org-openide-util-lookup, org.netbeans.api:org-openide-util-ui, org.netbeans.api:org-openide-windows]",0.9
SAP/SapMachine,openjdk/amber,"[com.github.librepdf:openpdf, com.sun.hotspot.igv:Bytecodes, com.sun.hotspot.igv:ControlFlow, com.sun.hotspot.igv:Coordinator, com.sun.hotspot.igv:Data, com.sun.hotspot.igv:Difference, com.sun.hotspot.igv:Filter, com.sun.hotspot.igv:FilterWindow, com.sun.hotspot.igv:Graal, com.sun.hotspot.igv:Graph, com.sun.hotspot.igv:HierarchicalLayout, com.sun.hotspot.igv:Layout, com.sun.hotspot.igv:NetworkConnection, com.sun.hotspot.igv:SelectionCoordinator, com.sun.hotspot.igv:ServerCompiler, com.sun.hotspot.igv:Settings, com.sun.hotspot.igv:Util, com.sun.hotspot.igv:View, com.sun.hotspot.igv:branding, junit:junit, net.java.dev.swing-layout:swing-layout, org.apache.xmlgraphics:batik-dom, org.apache.xmlgraphics:batik-svggen, org.netbeans.api:org-netbeans-api-progress, org.netbeans.api:org-netbeans-api-progress-nb, org.netbeans.api:org-netbeans-api-visual, org.netbeans.api:org-netbeans-modules-nbjunit, org.netbeans.api:org-netbeans-modules-options-api, org.netbeans.api:org-netbeans-spi-quicksearch, org.netbeans.api:org-openide-actions, org.netbeans.api:org-openide-awt, org.netbeans.api:org-openide-dialogs, org.netbeans.api:org-openide-explorer, org.netbeans.api:org-openide-filesystems, org.netbeans.api:org-openide-loaders, org.netbeans.api:org-openide-nodes, org.netbeans.api:org-openide-util, org.netbeans.api:org-openide-util-lookup, org.netbeans.api:org-openide-util-ui, org.netbeans.api:org-openide-windows]",1.0
jboss-javassist/javassist,shekhargulati/99-problems,"[junit:junit, org.hamcrest:hamcrest-all]",1.0
boncey/Flickr4Java,jalkanen/speed4j,"[junit:junit, org.slf4j:slf4j-api, org.slf4j:slf4j-simple]",0.75
zuihou/lamp-boot,zuihou/lamp-cloud,"[top.tangyh.basic:lamp-annotation, top.tangyh.basic:lamp-boot-util, top.tangyh.basic:lamp-cache-starter, top.tangyh.basic:lamp-core, top.tangyh.basic:lamp-databases, top.tangyh.basic:lamp-dozer-starter, top.tangyh.basic:lamp-echo-starter, top.tangyh.basic:lamp-jwt-starter, top.tangyh.basic:lamp-log-starter, top.tangyh.basic:lamp-mq-starter, top.tangyh.basic:lamp-security-starter, top.tangyh.basic:lamp-swagger2-starter, top.tangyh.basic:lamp-validator-starter, top.tangyh.basic:lamp-xss-starter, top.tangyh.lamp:lamp-common, top.tangyh.lamp:lamp-msg-biz, top.tangyh.lamp:lamp-msg-controller, top.tangyh.lamp:lamp-msg-entity, top.tangyh.lamp:lamp-sms-biz, top.tangyh.lamp:lamp-sms-controller]",0.77
amaembo/streamex,thomasmueller/minperf,"[junit:junit, org.openjdk.jmh:jmh-core, org.openjdk.jmh:jmh-generator-annprocess]",0.75
jalkanen/speed4j,knowm/Sundial,"[junit:junit, org.slf4j:slf4j-api, org.slf4j:slf4j-simple]",0.75
apache/guacamole-client,glyptodon/guacamole-client,"[ch.qos.logback:logback-classic, com.fasterxml.jackson.core:jackson-annotations, com.fasterxml.jackson.core:jackson-core, com.fasterxml.jackson.core:jackson-databind, com.fasterxml.jackson.dataformat:jackson-dataformat-yaml, com.fasterxml.jackson.module:jackson-module-jaxb-annotations, com.google.guava:guava, com.google.inject.extensions:guice-assistedinject, com.google.inject.extensions:guice-servlet, com.google.inject:guice, com.google.zxing:core, com.google.zxing:javase, com.onelogin:java-saml, commons-codec:commons-codec, commons-collections:commons-collections, commons-logging:commons-logging, javax.annotation:jsr250-api, javax.servlet:servlet-api, javax.websocket:javax.websocket-api, javax.ws.rs:javax.ws.rs-api, javax.ws.rs:jsr311-api, junit:junit, net.jradius:jradius-core, net.jradius:jradius-dictionary, net.jradius:jradius-extended, org.apache.directory.api:api-all, org.apache.guacamole:guacamole-auth-jdbc-base, org.apache.guacamole:guacamole-auth-jdbc-mysql, org.apache.guacamole:guacamole-auth-jdbc-postgresql, org.apache.guacamole:guacamole-auth-jdbc-sqlserver, org.apache.guacamole:guacamole-common, org.apache.guacamole:guacamole-ext, org.apache.tomcat:tomcat-catalina, org.apache.tomcat:tomcat-coyote, org.bitbucket.b_c:jose4j, org.eclipse.jetty.websocket:websocket-api, org.eclipse.jetty.websocket:websocket-servlet, org.eclipse.jetty:jetty-websocket, org.glassfish.hk2:guice-bridge, org.glassfish.jersey.containers:jersey-container-servlet-core, org.glassfish.jersey.inject:jersey-hk2, org.glassfish.jersey.media:jersey-media-json-jackson, org.jasig.cas.client:cas-client-core, org.junit.jupiter:junit-jupiter-api, org.junit.jupiter:junit-jupiter-engine, org.junit.jupiter:junit-jupiter-params, org.mybatis:mybatis, org.mybatis:mybatis-guice, org.slf4j:jul-to-slf4j, org.slf4j:slf4j-api, org.slf4j:slf4j-simple, org.springframework.security:spring-security-web]",0.88
graalvm/simplelanguage,oracle/graal,"[junit:junit, org.antlr:antlr4-runtime, org.graalvm.sdk:graal-sdk, org.graalvm.truffle:truffle-api, org.graalvm.truffle:truffle-dsl-processor, org.graalvm.truffle:truffle-tck]",0.86
FastFilter/fastfilter_java,arteam/100-Java-Concurrency-questions,"[junit:junit, org.openjdk.jmh:jmh-core, org.openjdk.jmh:jmh-generator-annprocess]",0.75
openjdk/amber,openjdk/mobile,"[com.github.librepdf:openpdf, com.sun.hotspot.igv:Bytecodes, com.sun.hotspot.igv:ControlFlow, com.sun.hotspot.igv:Coordinator, com.sun.hotspot.igv:Data, com.sun.hotspot.igv:Difference, com.sun.hotspot.igv:Filter, com.sun.hotspot.igv:FilterWindow, com.sun.hotspot.igv:Graal, com.sun.hotspot.igv:Graph, com.sun.hotspot.igv:HierarchicalLayout, com.sun.hotspot.igv:Layout, com.sun.hotspot.igv:NetworkConnection, com.sun.hotspot.igv:SelectionCoordinator, com.sun.hotspot.igv:ServerCompiler, com.sun.hotspot.igv:Settings, com.sun.hotspot.igv:Util, com.sun.hotspot.igv:View, com.sun.hotspot.igv:branding, junit:junit, net.java.dev.swing-layout:swing-layout, org.apache.xmlgraphics:batik-dom, org.apache.xmlgraphics:batik-svggen, org.netbeans.api:org-netbeans-api-progress, org.netbeans.api:org-netbeans-api-progress-nb, org.netbeans.api:org-netbeans-api-visual, org.netbeans.api:org-netbeans-modules-nbjunit, org.netbeans.api:org-netbeans-modules-options-api, org.netbeans.api:org-netbeans-spi-quicksearch, org.netbeans.api:org-openide-actions, org.netbeans.api:org-openide-awt, org.netbeans.api:org-openide-dialogs, org.netbeans.api:org-openide-explorer, org.netbeans.api:org-openide-filesystems, org.netbeans.api:org-openide-loaders, org.netbeans.api:org-openide-nodes, org.netbeans.api:org-openide-util, org.netbeans.api:org-openide-util-lookup, org.netbeans.api:org-openide-util-ui, org.netbeans.api:org-openide-windows]",1.0
